nohup: ignoring input
Starting Full Experiment on Subjects: ['S003', 'S004', 'S006', 'S007', 'S008', 'S013']
Modes: ['SDA', 'TO', 'SO', 'TL']

Checking GPU Availability:
  CUDA Available: True
  Device Name: NVIDIA RTX A5000
Loading Source Data (All Healthy)...


================================================
Processing Target Subject: S003
================================================
Trials: ['S003_T002', 'S003_T003', 'S003_T006']

--- Mode: SDA ---
  [Skipping] Model already exists at results_final_rank3/S003/Fold_1_S003_T002_SDA_frac1.0
Skipping Fold 2 due to max_folds limit.
Skipping Fold 3 due to max_folds limit.

--- Mode: TO ---

[Fold 1 - TO] Train: ['S003_T003', 'S003_T006'], Test: S003_T002, Norm: independent
/home/sangukchoi/.conda/envs/torch_gpu/lib/python3.10/site-packages/torch/nn/modules/rnn.py:123: UserWarning: dropout option adds dropout after all but last recurrent layer, so non-zero dropout expects num_layers greater than 1, but got dropout=0.3 and num_layers=1
  warnings.warn(
  Ep 1: Train 0.4072 | Val 0.2864 | Test 0.2800
Validation loss decreased (0.286400 --> 0.286400).  Saving model ...
  Ep 2: Train 0.2476 | Val 0.1931 | Test 0.1807
Validation loss decreased (0.193082 --> 0.193082).  Saving model ...
  Ep 3: Train 0.1701 | Val 0.1386 | Test 0.1257
Validation loss decreased (0.138642 --> 0.138642).  Saving model ...
  Ep 4: Train 0.1217 | Val 0.0997 | Test 0.0895
Validation loss decreased (0.099717 --> 0.099717).  Saving model ...
  Ep 5: Train 0.0897 | Val 0.0793 | Test 0.0726
Validation loss decreased (0.079263 --> 0.079263).  Saving model ...
  Ep 6: Train 0.0739 | Val 0.0683 | Test 0.0645
Validation loss decreased (0.068268 --> 0.068268).  Saving model ...
  Ep 7: Train 0.0649 | Val 0.0598 | Test 0.0580
Validation loss decreased (0.059773 --> 0.059773).  Saving model ...
  Ep 8: Train 0.0583 | Val 0.0540 | Test 0.0541
Validation loss decreased (0.054027 --> 0.054027).  Saving model ...
  Ep 9: Train 0.0535 | Val 0.0507 | Test 0.0519
Validation loss decreased (0.050706 --> 0.050706).  Saving model ...
  Ep 10: Train 0.0489 | Val 0.0476 | Test 0.0501
Validation loss decreased (0.047641 --> 0.047641).  Saving model ...
  Ep 11: Train 0.0481 | Val 0.0455 | Test 0.0486
Validation loss decreased (0.045495 --> 0.045495).  Saving model ...
  Ep 12: Train 0.0457 | Val 0.0439 | Test 0.0483
Validation loss decreased (0.043926 --> 0.043926).  Saving model ...
  Ep 13: Train 0.0452 | Val 0.0418 | Test 0.0458
Validation loss decreased (0.041777 --> 0.041777).  Saving model ...
  Ep 14: Train 0.0435 | Val 0.0404 | Test 0.0441
Validation loss decreased (0.040351 --> 0.040351).  Saving model ...
  Ep 15: Train 0.0406 | Val 0.0398 | Test 0.0458
Validation loss decreased (0.039757 --> 0.039757).  Saving model ...
  Ep 16: Train 0.0401 | Val 0.0376 | Test 0.0415
Validation loss decreased (0.037647 --> 0.037647).  Saving model ...
  Ep 17: Train 0.0392 | Val 0.0375 | Test 0.0428
Validation loss decreased (0.037508 --> 0.037508).  Saving model ...
  Ep 18: Train 0.0381 | Val 0.0351 | Test 0.0392
Validation loss decreased (0.035091 --> 0.035091).  Saving model ...
  Ep 19: Train 0.0379 | Val 0.0341 | Test 0.0412
Validation loss decreased (0.034055 --> 0.034055).  Saving model ...
  Ep 20: Train 0.0348 | Val 0.0332 | Test 0.0377
Validation loss decreased (0.033158 --> 0.033158).  Saving model ...
  Ep 21: Train 0.0351 | Val 0.0322 | Test 0.0376
Validation loss decreased (0.032171 --> 0.032171).  Saving model ...
  Ep 22: Train 0.0334 | Val 0.0309 | Test 0.0364
Validation loss decreased (0.030902 --> 0.030902).  Saving model ...
  Ep 23: Train 0.0331 | Val 0.0305 | Test 0.0372
Validation loss decreased (0.030495 --> 0.030495).  Saving model ...
  Ep 24: Train 0.0326 | Val 0.0295 | Test 0.0346
Validation loss decreased (0.029538 --> 0.029538).  Saving model ...
  Ep 25: Train 0.0314 | Val 0.0289 | Test 0.0343
Validation loss decreased (0.028891 --> 0.028891).  Saving model ...
  Ep 26: Train 0.0295 | Val 0.0286 | Test 0.0338
Validation loss decreased (0.028585 --> 0.028585).  Saving model ...
  Ep 27: Train 0.0292 | Val 0.0283 | Test 0.0324
Validation loss decreased (0.028308 --> 0.028308).  Saving model ...
  Ep 28: Train 0.0290 | Val 0.0271 | Test 0.0323
Validation loss decreased (0.027112 --> 0.027112).  Saving model ...
  Ep 29: Train 0.0272 | Val 0.0266 | Test 0.0322
Validation loss decreased (0.026582 --> 0.026582).  Saving model ...
  Ep 30: Train 0.0264 | Val 0.0261 | Test 0.0308
Validation loss decreased (0.026087 --> 0.026087).  Saving model ...
  Ep 31: Train 0.0253 | Val 0.0254 | Test 0.0308
Validation loss decreased (0.025352 --> 0.025352).  Saving model ...
  Ep 32: Train 0.0249 | Val 0.0248 | Test 0.0301
Validation loss decreased (0.024814 --> 0.024814).  Saving model ...
  Ep 33: Train 0.0247 | Val 0.0239 | Test 0.0293
Validation loss decreased (0.023907 --> 0.023907).  Saving model ...
  Ep 34: Train 0.0247 | Val 0.0232 | Test 0.0299
Validation loss decreased (0.023247 --> 0.023247).  Saving model ...
  Ep 35: Train 0.0248 | Val 0.0228 | Test 0.0290
Validation loss decreased (0.022816 --> 0.022816).  Saving model ...
  Ep 36: Train 0.0234 | Val 0.0222 | Test 0.0288
Validation loss decreased (0.022200 --> 0.022200).  Saving model ...
  Ep 37: Train 0.0227 | Val 0.0226 | Test 0.0275
EarlyStopping counter: 1 out of 10
  Ep 38: Train 0.0234 | Val 0.0216 | Test 0.0290
Validation loss decreased (0.021618 --> 0.021618).  Saving model ...
  Ep 39: Train 0.0225 | Val 0.0210 | Test 0.0281
Validation loss decreased (0.021015 --> 0.021015).  Saving model ...
  Ep 40: Train 0.0218 | Val 0.0206 | Test 0.0283
Validation loss decreased (0.020610 --> 0.020610).  Saving model ...
  Ep 41: Train 0.0211 | Val 0.0203 | Test 0.0279
Validation loss decreased (0.020273 --> 0.020273).  Saving model ...
  Ep 42: Train 0.0216 | Val 0.0200 | Test 0.0277
Validation loss decreased (0.020013 --> 0.020013).  Saving model ...
  Ep 43: Train 0.0215 | Val 0.0203 | Test 0.0268
EarlyStopping counter: 1 out of 10
  Ep 44: Train 0.0204 | Val 0.0198 | Test 0.0262
Validation loss decreased (0.019794 --> 0.019794).  Saving model ...
  Ep 45: Train 0.0210 | Val 0.0192 | Test 0.0261
Validation loss decreased (0.019194 --> 0.019194).  Saving model ...
  Ep 46: Train 0.0201 | Val 0.0190 | Test 0.0278
Validation loss decreased (0.019033 --> 0.019033).  Saving model ...
  Ep 47: Train 0.0196 | Val 0.0193 | Test 0.0297
EarlyStopping counter: 1 out of 10
  Ep 48: Train 0.0205 | Val 0.0188 | Test 0.0273
Validation loss decreased (0.018832 --> 0.018832).  Saving model ...
  Ep 49: Train 0.0191 | Val 0.0191 | Test 0.0294
EarlyStopping counter: 1 out of 10
  Ep 50: Train 0.0194 | Val 0.0183 | Test 0.0271
Validation loss decreased (0.018309 --> 0.018309).  Saving model ...
/home/sangukchoi/Stroke_SDA/sda_training.py:616: FutureWarning: You are using `torch.load` with `weights_only=False` (the current default value), which uses the default pickle module implicitly. It is possible to construct malicious pickle data which will execute arbitrary code during unpickling (See https://github.com/pytorch/pytorch/blob/main/SECURITY.md#untrusted-models for more details). In a future release, the default value for `weights_only` will be flipped to `True`. This limits the functions that could be executed during unpickling. Arbitrary objects will no longer be allowed to be loaded via this mode unless they are explicitly allowlisted by the user via `torch.serialization.add_safe_globals`. We recommend you start setting `weights_only=True` for any use case where you don't have full control of the loaded file. Please open an issue on GitHub for any issues related to this experimental feature.
  model.load_state_dict(torch.load(os.path.join(out_dir, 'best_model.pth')))
Final Test MSE (Best Model): 0.0271
Skipping Fold 2 due to max_folds limit.
Skipping Fold 3 due to max_folds limit.

--- Mode: SO ---

[Fold 1 - SO] Train: ['S003_T003', 'S003_T006'], Test: S003_T002, Norm: fixed
/home/sangukchoi/.conda/envs/torch_gpu/lib/python3.10/site-packages/torch/nn/modules/rnn.py:123: UserWarning: dropout option adds dropout after all but last recurrent layer, so non-zero dropout expects num_layers greater than 1, but got dropout=0.3 and num_layers=1
  warnings.warn(
  Ep 1: Train 0.0477 | Val 0.0196 | Test 0.4126
Validation loss decreased (0.019567 --> 0.019567).  Saving model ...
  Ep 2: Train 0.0172 | Val 0.0135 | Test 0.4844
Validation loss decreased (0.013471 --> 0.013471).  Saving model ...
  Ep 3: Train 0.0139 | Val 0.0118 | Test 0.4916
Validation loss decreased (0.011751 --> 0.011751).  Saving model ...
  Ep 4: Train 0.0122 | Val 0.0108 | Test 0.4583
Validation loss decreased (0.010833 --> 0.010833).  Saving model ...
  Ep 5: Train 0.0111 | Val 0.0094 | Test 0.5203
Validation loss decreased (0.009429 --> 0.009429).  Saving model ...
  Ep 6: Train 0.0101 | Val 0.0098 | Test 0.4839
EarlyStopping counter: 1 out of 10
  Ep 7: Train 0.0094 | Val 0.0089 | Test 0.5632
Validation loss decreased (0.008851 --> 0.008851).  Saving model ...
  Ep 8: Train 0.0088 | Val 0.0083 | Test 0.5196
Validation loss decreased (0.008251 --> 0.008251).  Saving model ...
  Ep 9: Train 0.0084 | Val 0.0076 | Test 0.5199
Validation loss decreased (0.007583 --> 0.007583).  Saving model ...
  Ep 10: Train 0.0079 | Val 0.0077 | Test 0.5373
EarlyStopping counter: 1 out of 10
  Ep 11: Train 0.0075 | Val 0.0068 | Test 0.5412
Validation loss decreased (0.006794 --> 0.006794).  Saving model ...
  Ep 12: Train 0.0072 | Val 0.0068 | Test 0.5271
EarlyStopping counter: 1 out of 10
  Ep 13: Train 0.0069 | Val 0.0065 | Test 0.5059
Validation loss decreased (0.006523 --> 0.006523).  Saving model ...
  Ep 14: Train 0.0066 | Val 0.0064 | Test 0.5306
Validation loss decreased (0.006422 --> 0.006422).  Saving model ...
  Ep 15: Train 0.0064 | Val 0.0061 | Test 0.5528
Validation loss decreased (0.006056 --> 0.006056).  Saving model ...
  Ep 16: Train 0.0061 | Val 0.0059 | Test 0.5452
Validation loss decreased (0.005854 --> 0.005854).  Saving model ...
  Ep 17: Train 0.0059 | Val 0.0055 | Test 0.5440
Validation loss decreased (0.005533 --> 0.005533).  Saving model ...
  Ep 18: Train 0.0057 | Val 0.0055 | Test 0.5514
EarlyStopping counter: 1 out of 10
  Ep 19: Train 0.0056 | Val 0.0055 | Test 0.5455
EarlyStopping counter: 2 out of 10
  Ep 20: Train 0.0054 | Val 0.0053 | Test 0.5642
Validation loss decreased (0.005276 --> 0.005276).  Saving model ...
  Ep 21: Train 0.0052 | Val 0.0050 | Test 0.5757
Validation loss decreased (0.005024 --> 0.005024).  Saving model ...
  Ep 22: Train 0.0051 | Val 0.0052 | Test 0.5675
EarlyStopping counter: 1 out of 10
  Ep 23: Train 0.0051 | Val 0.0055 | Test 0.5446
EarlyStopping counter: 2 out of 10
  Ep 24: Train 0.0049 | Val 0.0049 | Test 0.5667
Validation loss decreased (0.004883 --> 0.004883).  Saving model ...
  Ep 25: Train 0.0047 | Val 0.0047 | Test 0.5210
Validation loss decreased (0.004740 --> 0.004740).  Saving model ...
  Ep 26: Train 0.0046 | Val 0.0046 | Test 0.5332
Validation loss decreased (0.004612 --> 0.004612).  Saving model ...
  Ep 27: Train 0.0045 | Val 0.0046 | Test 0.5627
EarlyStopping counter: 1 out of 10
  Ep 28: Train 0.0044 | Val 0.0047 | Test 0.5584
EarlyStopping counter: 2 out of 10
  Ep 29: Train 0.0043 | Val 0.0047 | Test 0.5373
EarlyStopping counter: 3 out of 10
  Ep 30: Train 0.0043 | Val 0.0045 | Test 0.5566
Validation loss decreased (0.004459 --> 0.004459).  Saving model ...
  Ep 31: Train 0.0042 | Val 0.0046 | Test 0.5502
EarlyStopping counter: 1 out of 10
  Ep 32: Train 0.0041 | Val 0.0043 | Test 0.5235
Validation loss decreased (0.004303 --> 0.004303).  Saving model ...
  Ep 33: Train 0.0040 | Val 0.0043 | Test 0.5261
EarlyStopping counter: 1 out of 10
  Ep 34: Train 0.0039 | Val 0.0041 | Test 0.5435
Validation loss decreased (0.004108 --> 0.004108).  Saving model ...
  Ep 35: Train 0.0039 | Val 0.0043 | Test 0.5396
EarlyStopping counter: 1 out of 10
  Ep 36: Train 0.0038 | Val 0.0039 | Test 0.5468
Validation loss decreased (0.003915 --> 0.003915).  Saving model ...
  Ep 37: Train 0.0037 | Val 0.0040 | Test 0.5389
EarlyStopping counter: 1 out of 10
  Ep 38: Train 0.0036 | Val 0.0039 | Test 0.4987
EarlyStopping counter: 2 out of 10
  Ep 39: Train 0.0035 | Val 0.0039 | Test 0.4863
EarlyStopping counter: 3 out of 10
  Ep 40: Train 0.0035 | Val 0.0040 | Test 0.5600
EarlyStopping counter: 4 out of 10
  Ep 41: Train 0.0034 | Val 0.0039 | Test 0.5410
EarlyStopping counter: 5 out of 10
  Ep 42: Train 0.0034 | Val 0.0037 | Test 0.5215
Validation loss decreased (0.003715 --> 0.003715).  Saving model ...
  Ep 43: Train 0.0033 | Val 0.0037 | Test 0.5111
EarlyStopping counter: 1 out of 10
  Ep 44: Train 0.0033 | Val 0.0037 | Test 0.5821
EarlyStopping counter: 2 out of 10
  Ep 45: Train 0.0034 | Val 0.0037 | Test 0.4142
EarlyStopping counter: 3 out of 10
  Ep 46: Train 0.0031 | Val 0.0036 | Test 0.3875
Validation loss decreased (0.003591 --> 0.003591).  Saving model ...
  Ep 47: Train 0.0030 | Val 0.0034 | Test 0.4240
Validation loss decreased (0.003448 --> 0.003448).  Saving model ...
  Ep 48: Train 0.0030 | Val 0.0036 | Test 0.4011
EarlyStopping counter: 1 out of 10
  Ep 49: Train 0.0030 | Val 0.0034 | Test 0.5334
EarlyStopping counter: 2 out of 10
  Ep 50: Train 0.0029 | Val 0.0033 | Test 0.5191
Validation loss decreased (0.003285 --> 0.003285).  Saving model ...
/home/sangukchoi/Stroke_SDA/sda_training.py:616: FutureWarning: You are using `torch.load` with `weights_only=False` (the current default value), which uses the default pickle module implicitly. It is possible to construct malicious pickle data which will execute arbitrary code during unpickling (See https://github.com/pytorch/pytorch/blob/main/SECURITY.md#untrusted-models for more details). In a future release, the default value for `weights_only` will be flipped to `True`. This limits the functions that could be executed during unpickling. Arbitrary objects will no longer be allowed to be loaded via this mode unless they are explicitly allowlisted by the user via `torch.serialization.add_safe_globals`. We recommend you start setting `weights_only=True` for any use case where you don't have full control of the loaded file. Please open an issue on GitHub for any issues related to this experimental feature.
  model.load_state_dict(torch.load(os.path.join(out_dir, 'best_model.pth')))
Final Test MSE (Best Model): 0.5191
Skipping Fold 2 due to max_folds limit.
Skipping Fold 3 due to max_folds limit.

--- Mode: TL ---

[Fold 1 - TL] Train: ['S003_T003', 'S003_T006'], Test: S003_T002, Norm: fixed
/home/sangukchoi/.conda/envs/torch_gpu/lib/python3.10/site-packages/torch/nn/modules/rnn.py:123: UserWarning: dropout option adds dropout after all but last recurrent layer, so non-zero dropout expects num_layers greater than 1, but got dropout=0.3 and num_layers=1
  warnings.warn(
  [TL] Loading Pre-trained SO Model from: results_final_rank3/S003/Fold_1_S003_T002_SO_frac1.0/best_model.pth
/home/sangukchoi/Stroke_SDA/sda_training.py:399: FutureWarning: You are using `torch.load` with `weights_only=False` (the current default value), which uses the default pickle module implicitly. It is possible to construct malicious pickle data which will execute arbitrary code during unpickling (See https://github.com/pytorch/pytorch/blob/main/SECURITY.md#untrusted-models for more details). In a future release, the default value for `weights_only` will be flipped to `True`. This limits the functions that could be executed during unpickling. Arbitrary objects will no longer be allowed to be loaded via this mode unless they are explicitly allowlisted by the user via `torch.serialization.add_safe_globals`. We recommend you start setting `weights_only=True` for any use case where you don't have full control of the loaded file. Please open an issue on GitHub for any issues related to this experimental feature.
  checkpoint = torch.load(so_path)
  [TL] Freezing Encoder and initializing Decoder Tgt...
  Ep 1: Train 0.4889 | Val 0.4232 | Test 0.4454
Validation loss decreased (0.423171 --> 0.423171).  Saving model ...
  Ep 2: Train 0.4240 | Val 0.3662 | Test 0.3875
Validation loss decreased (0.366203 --> 0.366203).  Saving model ...
  Ep 3: Train 0.3674 | Val 0.3216 | Test 0.3419
Validation loss decreased (0.321625 --> 0.321625).  Saving model ...
  Ep 4: Train 0.3244 | Val 0.2859 | Test 0.3045
Validation loss decreased (0.285854 --> 0.285854).  Saving model ...
  Ep 5: Train 0.2880 | Val 0.2562 | Test 0.2733
Validation loss decreased (0.256177 --> 0.256177).  Saving model ...
  Ep 6: Train 0.2623 | Val 0.2292 | Test 0.2458
Validation loss decreased (0.229249 --> 0.229249).  Saving model ...
  Ep 7: Train 0.2354 | Val 0.2065 | Test 0.2221
Validation loss decreased (0.206511 --> 0.206511).  Saving model ...
  Ep 8: Train 0.2145 | Val 0.1872 | Test 0.2018
Validation loss decreased (0.187215 --> 0.187215).  Saving model ...
  Ep 9: Train 0.1869 | Val 0.1709 | Test 0.1845
Validation loss decreased (0.170867 --> 0.170867).  Saving model ...
  Ep 10: Train 0.1724 | Val 0.1564 | Test 0.1692
Validation loss decreased (0.156431 --> 0.156431).  Saving model ...
  Ep 11: Train 0.1603 | Val 0.1436 | Test 0.1558
Validation loss decreased (0.143638 --> 0.143638).  Saving model ...
  Ep 12: Train 0.1503 | Val 0.1324 | Test 0.1443
Validation loss decreased (0.132405 --> 0.132405).  Saving model ...
  Ep 13: Train 0.1359 | Val 0.1221 | Test 0.1341
Validation loss decreased (0.122104 --> 0.122104).  Saving model ...
  Ep 14: Train 0.1270 | Val 0.1134 | Test 0.1254
Validation loss decreased (0.113388 --> 0.113388).  Saving model ...
  Ep 15: Train 0.1191 | Val 0.1061 | Test 0.1181
Validation loss decreased (0.106082 --> 0.106082).  Saving model ...
  Ep 16: Train 0.1056 | Val 0.0999 | Test 0.1119
Validation loss decreased (0.099949 --> 0.099949).  Saving model ...
  Ep 17: Train 0.1046 | Val 0.0947 | Test 0.1064
Validation loss decreased (0.094689 --> 0.094689).  Saving model ...
  Ep 18: Train 0.0944 | Val 0.0906 | Test 0.1019
Validation loss decreased (0.090627 --> 0.090627).  Saving model ...
  Ep 19: Train 0.0926 | Val 0.0870 | Test 0.0976
Validation loss decreased (0.086956 --> 0.086956).  Saving model ...
  Ep 20: Train 0.0871 | Val 0.0840 | Test 0.0940
Validation loss decreased (0.083993 --> 0.083993).  Saving model ...
  Ep 21: Train 0.0832 | Val 0.0811 | Test 0.0904
Validation loss decreased (0.081140 --> 0.081140).  Saving model ...
  Ep 22: Train 0.0821 | Val 0.0783 | Test 0.0870
Validation loss decreased (0.078323 --> 0.078323).  Saving model ...
  Ep 23: Train 0.0789 | Val 0.0760 | Test 0.0842
Validation loss decreased (0.075986 --> 0.075986).  Saving model ...
  Ep 24: Train 0.0731 | Val 0.0738 | Test 0.0817
Validation loss decreased (0.073842 --> 0.073842).  Saving model ...
  Ep 25: Train 0.0732 | Val 0.0722 | Test 0.0801
Validation loss decreased (0.072228 --> 0.072228).  Saving model ...
  Ep 26: Train 0.0724 | Val 0.0705 | Test 0.0776
Validation loss decreased (0.070455 --> 0.070455).  Saving model ...
  Ep 27: Train 0.0705 | Val 0.0685 | Test 0.0759
Validation loss decreased (0.068537 --> 0.068537).  Saving model ...
  Ep 28: Train 0.0689 | Val 0.0670 | Test 0.0742
Validation loss decreased (0.067027 --> 0.067027).  Saving model ...
  Ep 29: Train 0.0649 | Val 0.0653 | Test 0.0714
Validation loss decreased (0.065278 --> 0.065278).  Saving model ...
  Ep 30: Train 0.0644 | Val 0.0642 | Test 0.0703
Validation loss decreased (0.064219 --> 0.064219).  Saving model ...
  Ep 31: Train 0.0636 | Val 0.0632 | Test 0.0698
Validation loss decreased (0.063191 --> 0.063191).  Saving model ...
  Ep 32: Train 0.0617 | Val 0.0614 | Test 0.0677
Validation loss decreased (0.061440 --> 0.061440).  Saving model ...
  Ep 33: Train 0.0605 | Val 0.0602 | Test 0.0662
Validation loss decreased (0.060153 --> 0.060153).  Saving model ...
  Ep 34: Train 0.0591 | Val 0.0590 | Test 0.0651
Validation loss decreased (0.058988 --> 0.058988).  Saving model ...
  Ep 35: Train 0.0592 | Val 0.0580 | Test 0.0644
Validation loss decreased (0.057997 --> 0.057997).  Saving model ...
  Ep 36: Train 0.0592 | Val 0.0568 | Test 0.0633
Validation loss decreased (0.056809 --> 0.056809).  Saving model ...
  Ep 37: Train 0.0582 | Val 0.0561 | Test 0.0628
Validation loss decreased (0.056101 --> 0.056101).  Saving model ...
  Ep 38: Train 0.0552 | Val 0.0549 | Test 0.0615
Validation loss decreased (0.054915 --> 0.054915).  Saving model ...
  Ep 39: Train 0.0572 | Val 0.0541 | Test 0.0608
Validation loss decreased (0.054117 --> 0.054117).  Saving model ...
  Ep 40: Train 0.0542 | Val 0.0529 | Test 0.0597
Validation loss decreased (0.052930 --> 0.052930).  Saving model ...
  Ep 41: Train 0.0525 | Val 0.0523 | Test 0.0591
Validation loss decreased (0.052316 --> 0.052316).  Saving model ...
  Ep 42: Train 0.0507 | Val 0.0523 | Test 0.0594
EarlyStopping counter: 1 out of 10
  Ep 43: Train 0.0526 | Val 0.0513 | Test 0.0582
Validation loss decreased (0.051275 --> 0.051275).  Saving model ...
  Ep 44: Train 0.0517 | Val 0.0507 | Test 0.0577
Validation loss decreased (0.050723 --> 0.050723).  Saving model ...
  Ep 45: Train 0.0523 | Val 0.0498 | Test 0.0567
Validation loss decreased (0.049835 --> 0.049835).  Saving model ...
  Ep 46: Train 0.0495 | Val 0.0489 | Test 0.0559
Validation loss decreased (0.048918 --> 0.048918).  Saving model ...
  Ep 47: Train 0.0500 | Val 0.0482 | Test 0.0552
Validation loss decreased (0.048171 --> 0.048171).  Saving model ...
  Ep 48: Train 0.0505 | Val 0.0481 | Test 0.0556
Validation loss decreased (0.048066 --> 0.048066).  Saving model ...
  Ep 49: Train 0.0499 | Val 0.0476 | Test 0.0549
Validation loss decreased (0.047649 --> 0.047649).  Saving model ...
  Ep 50: Train 0.0479 | Val 0.0465 | Test 0.0543
Validation loss decreased (0.046547 --> 0.046547).  Saving model ...
/home/sangukchoi/Stroke_SDA/sda_training.py:616: FutureWarning: You are using `torch.load` with `weights_only=False` (the current default value), which uses the default pickle module implicitly. It is possible to construct malicious pickle data which will execute arbitrary code during unpickling (See https://github.com/pytorch/pytorch/blob/main/SECURITY.md#untrusted-models for more details). In a future release, the default value for `weights_only` will be flipped to `True`. This limits the functions that could be executed during unpickling. Arbitrary objects will no longer be allowed to be loaded via this mode unless they are explicitly allowlisted by the user via `torch.serialization.add_safe_globals`. We recommend you start setting `weights_only=True` for any use case where you don't have full control of the loaded file. Please open an issue on GitHub for any issues related to this experimental feature.
  model.load_state_dict(torch.load(os.path.join(out_dir, 'best_model.pth')))
Final Test MSE (Best Model): 0.0543
Skipping Fold 2 due to max_folds limit.
Skipping Fold 3 due to max_folds limit.


================================================
Processing Target Subject: S004
================================================
Trials: ['S004_T001', 'S004_T003', 'S004_T005']

--- Mode: SDA ---

[Fold 1 - SDA] Train: ['S004_T003', 'S004_T005'], Test: S004_T001, Norm: fixed
/home/sangukchoi/.conda/envs/torch_gpu/lib/python3.10/site-packages/torch/nn/modules/rnn.py:123: UserWarning: dropout option adds dropout after all but last recurrent layer, so non-zero dropout expects num_layers greater than 1, but got dropout=0.3 and num_layers=1
  warnings.warn(
  Ep 1: Train 0.3540 | Val 0.3610 | Test 0.1311
Validation loss decreased (0.360968 --> 0.360968).  Saving model ...
  Ep 2: Train 0.2420 | Val 0.3149 | Test 0.1311
Validation loss decreased (0.314865 --> 0.314865).  Saving model ...
  Ep 3: Train 0.2312 | Val 0.3315 | Test 0.1246
EarlyStopping counter: 1 out of 10
  Ep 4: Train 0.2137 | Val 0.2992 | Test 0.1305
Validation loss decreased (0.299238 --> 0.299238).  Saving model ...
  Ep 5: Train 0.2096 | Val 0.2993 | Test 0.1388
EarlyStopping counter: 1 out of 10
  Ep 6: Train 0.2089 | Val 0.3110 | Test 0.1191
EarlyStopping counter: 2 out of 10
  Ep 7: Train 0.2039 | Val 0.3309 | Test 0.1279
EarlyStopping counter: 3 out of 10
  Ep 8: Train 0.1995 | Val 0.2927 | Test 0.1283
Validation loss decreased (0.292700 --> 0.292700).  Saving model ...
  Ep 9: Train 0.1989 | Val 0.2896 | Test 0.1280
Validation loss decreased (0.289588 --> 0.289588).  Saving model ...
  Ep 10: Train 0.1911 | Val 0.3349 | Test 0.1213
EarlyStopping counter: 1 out of 10
  Ep 11: Train 0.1976 | Val 0.3384 | Test 0.1207
EarlyStopping counter: 2 out of 10
  Ep 12: Train 0.1929 | Val 0.3357 | Test 0.1359
EarlyStopping counter: 3 out of 10
  Ep 13: Train 0.1910 | Val 0.3490 | Test 0.1418
EarlyStopping counter: 4 out of 10
  Ep 14: Train 0.1895 | Val 0.3180 | Test 0.1481
EarlyStopping counter: 5 out of 10
  Ep 15: Train 0.1967 | Val 0.3238 | Test 0.1289
EarlyStopping counter: 6 out of 10
  Ep 16: Train 0.1876 | Val 0.3381 | Test 0.1405
EarlyStopping counter: 7 out of 10
  Ep 17: Train 0.1837 | Val 0.3360 | Test 0.1180
EarlyStopping counter: 8 out of 10
  Ep 18: Train 0.1812 | Val 0.3196 | Test 0.1312
EarlyStopping counter: 9 out of 10
  Ep 19: Train 0.1858 | Val 0.2906 | Test 0.1386
EarlyStopping counter: 10 out of 10
Early stopping triggered!
/home/sangukchoi/Stroke_SDA/sda_training.py:616: FutureWarning: You are using `torch.load` with `weights_only=False` (the current default value), which uses the default pickle module implicitly. It is possible to construct malicious pickle data which will execute arbitrary code during unpickling (See https://github.com/pytorch/pytorch/blob/main/SECURITY.md#untrusted-models for more details). In a future release, the default value for `weights_only` will be flipped to `True`. This limits the functions that could be executed during unpickling. Arbitrary objects will no longer be allowed to be loaded via this mode unless they are explicitly allowlisted by the user via `torch.serialization.add_safe_globals`. We recommend you start setting `weights_only=True` for any use case where you don't have full control of the loaded file. Please open an issue on GitHub for any issues related to this experimental feature.
  model.load_state_dict(torch.load(os.path.join(out_dir, 'best_model.pth')))
Final Test MSE (Best Model): 0.1280
Skipping Fold 2 due to max_folds limit.
Skipping Fold 3 due to max_folds limit.

--- Mode: TO ---

[Fold 1 - TO] Train: ['S004_T003', 'S004_T005'], Test: S004_T001, Norm: independent
/home/sangukchoi/.conda/envs/torch_gpu/lib/python3.10/site-packages/torch/nn/modules/rnn.py:123: UserWarning: dropout option adds dropout after all but last recurrent layer, so non-zero dropout expects num_layers greater than 1, but got dropout=0.3 and num_layers=1
  warnings.warn(
  Ep 1: Train 0.4726 | Val 0.3623 | Test 0.4124
Validation loss decreased (0.362306 --> 0.362306).  Saving model ...
  Ep 2: Train 0.3314 | Val 0.2386 | Test 0.3108
Validation loss decreased (0.238633 --> 0.238633).  Saving model ...
  Ep 3: Train 0.2348 | Val 0.1615 | Test 0.2492
Validation loss decreased (0.161513 --> 0.161513).  Saving model ...
  Ep 4: Train 0.1666 | Val 0.1177 | Test 0.2170
Validation loss decreased (0.117674 --> 0.117674).  Saving model ...
  Ep 5: Train 0.1233 | Val 0.0958 | Test 0.1995
Validation loss decreased (0.095806 --> 0.095806).  Saving model ...
  Ep 6: Train 0.1052 | Val 0.0805 | Test 0.1834
Validation loss decreased (0.080455 --> 0.080455).  Saving model ...
  Ep 7: Train 0.0839 | Val 0.0672 | Test 0.1692
Validation loss decreased (0.067241 --> 0.067241).  Saving model ...
  Ep 8: Train 0.0696 | Val 0.0564 | Test 0.1559
Validation loss decreased (0.056356 --> 0.056356).  Saving model ...
  Ep 9: Train 0.0607 | Val 0.0485 | Test 0.1459
Validation loss decreased (0.048511 --> 0.048511).  Saving model ...
  Ep 10: Train 0.0505 | Val 0.0435 | Test 0.1432
Validation loss decreased (0.043499 --> 0.043499).  Saving model ...
  Ep 11: Train 0.0453 | Val 0.0396 | Test 0.1443
Validation loss decreased (0.039647 --> 0.039647).  Saving model ...
  Ep 12: Train 0.0421 | Val 0.0368 | Test 0.1434
Validation loss decreased (0.036787 --> 0.036787).  Saving model ...
  Ep 13: Train 0.0417 | Val 0.0342 | Test 0.1399
Validation loss decreased (0.034173 --> 0.034173).  Saving model ...
  Ep 14: Train 0.0371 | Val 0.0324 | Test 0.1364
Validation loss decreased (0.032367 --> 0.032367).  Saving model ...
  Ep 15: Train 0.0376 | Val 0.0307 | Test 0.1367
Validation loss decreased (0.030665 --> 0.030665).  Saving model ...
  Ep 16: Train 0.0339 | Val 0.0294 | Test 0.1368
Validation loss decreased (0.029393 --> 0.029393).  Saving model ...
  Ep 17: Train 0.0343 | Val 0.0282 | Test 0.1336
Validation loss decreased (0.028166 --> 0.028166).  Saving model ...
  Ep 18: Train 0.0300 | Val 0.0275 | Test 0.1315
Validation loss decreased (0.027531 --> 0.027531).  Saving model ...
  Ep 19: Train 0.0318 | Val 0.0267 | Test 0.1284
Validation loss decreased (0.026662 --> 0.026662).  Saving model ...
  Ep 20: Train 0.0296 | Val 0.0256 | Test 0.1302
Validation loss decreased (0.025621 --> 0.025621).  Saving model ...
  Ep 21: Train 0.0310 | Val 0.0246 | Test 0.1330
Validation loss decreased (0.024650 --> 0.024650).  Saving model ...
  Ep 22: Train 0.0287 | Val 0.0237 | Test 0.1342
Validation loss decreased (0.023709 --> 0.023709).  Saving model ...
  Ep 23: Train 0.0293 | Val 0.0231 | Test 0.1315
Validation loss decreased (0.023102 --> 0.023102).  Saving model ...
  Ep 24: Train 0.0258 | Val 0.0226 | Test 0.1343
Validation loss decreased (0.022641 --> 0.022641).  Saving model ...
  Ep 25: Train 0.0260 | Val 0.0224 | Test 0.1350
Validation loss decreased (0.022401 --> 0.022401).  Saving model ...
  Ep 26: Train 0.0254 | Val 0.0223 | Test 0.1355
EarlyStopping counter: 1 out of 10
  Ep 27: Train 0.0249 | Val 0.0218 | Test 0.1293
Validation loss decreased (0.021802 --> 0.021802).  Saving model ...
  Ep 28: Train 0.0244 | Val 0.0213 | Test 0.1306
Validation loss decreased (0.021266 --> 0.021266).  Saving model ...
  Ep 29: Train 0.0250 | Val 0.0215 | Test 0.1385
EarlyStopping counter: 1 out of 10
  Ep 30: Train 0.0242 | Val 0.0203 | Test 0.1309
Validation loss decreased (0.020318 --> 0.020318).  Saving model ...
  Ep 31: Train 0.0247 | Val 0.0200 | Test 0.1293
Validation loss decreased (0.020048 --> 0.020048).  Saving model ...
  Ep 32: Train 0.0220 | Val 0.0200 | Test 0.1341
EarlyStopping counter: 1 out of 10
  Ep 33: Train 0.0227 | Val 0.0198 | Test 0.1341
Validation loss decreased (0.019820 --> 0.019820).  Saving model ...
  Ep 34: Train 0.0222 | Val 0.0194 | Test 0.1290
Validation loss decreased (0.019366 --> 0.019366).  Saving model ...
  Ep 35: Train 0.0213 | Val 0.0191 | Test 0.1334
Validation loss decreased (0.019116 --> 0.019116).  Saving model ...
  Ep 36: Train 0.0235 | Val 0.0190 | Test 0.1334
EarlyStopping counter: 1 out of 10
  Ep 37: Train 0.0225 | Val 0.0188 | Test 0.1318
Validation loss decreased (0.018804 --> 0.018804).  Saving model ...
  Ep 38: Train 0.0221 | Val 0.0186 | Test 0.1355
Validation loss decreased (0.018614 --> 0.018614).  Saving model ...
  Ep 39: Train 0.0220 | Val 0.0182 | Test 0.1325
Validation loss decreased (0.018248 --> 0.018248).  Saving model ...
  Ep 40: Train 0.0218 | Val 0.0183 | Test 0.1295
EarlyStopping counter: 1 out of 10
  Ep 41: Train 0.0213 | Val 0.0182 | Test 0.1307
EarlyStopping counter: 2 out of 10
  Ep 42: Train 0.0196 | Val 0.0179 | Test 0.1353
Validation loss decreased (0.017905 --> 0.017905).  Saving model ...
  Ep 43: Train 0.0212 | Val 0.0177 | Test 0.1364
Validation loss decreased (0.017699 --> 0.017699).  Saving model ...
  Ep 44: Train 0.0206 | Val 0.0174 | Test 0.1348
Validation loss decreased (0.017434 --> 0.017434).  Saving model ...
  Ep 45: Train 0.0196 | Val 0.0175 | Test 0.1352
EarlyStopping counter: 1 out of 10
  Ep 46: Train 0.0192 | Val 0.0172 | Test 0.1339
Validation loss decreased (0.017151 --> 0.017151).  Saving model ...
  Ep 47: Train 0.0200 | Val 0.0172 | Test 0.1345
EarlyStopping counter: 1 out of 10
  Ep 48: Train 0.0205 | Val 0.0173 | Test 0.1316
EarlyStopping counter: 2 out of 10
  Ep 49: Train 0.0197 | Val 0.0173 | Test 0.1353
EarlyStopping counter: 3 out of 10
  Ep 50: Train 0.0189 | Val 0.0169 | Test 0.1347
Validation loss decreased (0.016862 --> 0.016862).  Saving model ...
/home/sangukchoi/Stroke_SDA/sda_training.py:616: FutureWarning: You are using `torch.load` with `weights_only=False` (the current default value), which uses the default pickle module implicitly. It is possible to construct malicious pickle data which will execute arbitrary code during unpickling (See https://github.com/pytorch/pytorch/blob/main/SECURITY.md#untrusted-models for more details). In a future release, the default value for `weights_only` will be flipped to `True`. This limits the functions that could be executed during unpickling. Arbitrary objects will no longer be allowed to be loaded via this mode unless they are explicitly allowlisted by the user via `torch.serialization.add_safe_globals`. We recommend you start setting `weights_only=True` for any use case where you don't have full control of the loaded file. Please open an issue on GitHub for any issues related to this experimental feature.
  model.load_state_dict(torch.load(os.path.join(out_dir, 'best_model.pth')))
Final Test MSE (Best Model): 0.1347
Skipping Fold 2 due to max_folds limit.
Skipping Fold 3 due to max_folds limit.

--- Mode: SO ---

[Fold 1 - SO] Train: ['S004_T003', 'S004_T005'], Test: S004_T001, Norm: fixed
/home/sangukchoi/.conda/envs/torch_gpu/lib/python3.10/site-packages/torch/nn/modules/rnn.py:123: UserWarning: dropout option adds dropout after all but last recurrent layer, so non-zero dropout expects num_layers greater than 1, but got dropout=0.3 and num_layers=1
  warnings.warn(
  Ep 1: Train 0.0486 | Val 0.0173 | Test 0.1991
Validation loss decreased (0.017310 --> 0.017310).  Saving model ...
  Ep 2: Train 0.0165 | Val 0.0136 | Test 0.1875
Validation loss decreased (0.013644 --> 0.013644).  Saving model ...
  Ep 3: Train 0.0134 | Val 0.0119 | Test 0.1834
Validation loss decreased (0.011940 --> 0.011940).  Saving model ...
  Ep 4: Train 0.0119 | Val 0.0105 | Test 0.2356
Validation loss decreased (0.010484 --> 0.010484).  Saving model ...
  Ep 5: Train 0.0107 | Val 0.0110 | Test 0.1893
EarlyStopping counter: 1 out of 10
  Ep 6: Train 0.0098 | Val 0.0088 | Test 0.2003
Validation loss decreased (0.008764 --> 0.008764).  Saving model ...
  Ep 7: Train 0.0093 | Val 0.0082 | Test 0.1888
Validation loss decreased (0.008221 --> 0.008221).  Saving model ...
  Ep 8: Train 0.0085 | Val 0.0075 | Test 0.1695
Validation loss decreased (0.007544 --> 0.007544).  Saving model ...
  Ep 9: Train 0.0083 | Val 0.0075 | Test 0.1699
EarlyStopping counter: 1 out of 10
  Ep 10: Train 0.0077 | Val 0.0072 | Test 0.1652
Validation loss decreased (0.007184 --> 0.007184).  Saving model ...
  Ep 11: Train 0.0074 | Val 0.0071 | Test 0.1607
EarlyStopping counter: 1 out of 10
  Ep 12: Train 0.0071 | Val 0.0063 | Test 0.1748
Validation loss decreased (0.006346 --> 0.006346).  Saving model ...
  Ep 13: Train 0.0068 | Val 0.0067 | Test 0.1764
EarlyStopping counter: 1 out of 10
  Ep 14: Train 0.0066 | Val 0.0068 | Test 0.1722
EarlyStopping counter: 2 out of 10
  Ep 15: Train 0.0064 | Val 0.0063 | Test 0.1893
EarlyStopping counter: 3 out of 10
  Ep 16: Train 0.0062 | Val 0.0060 | Test 0.1895
Validation loss decreased (0.006042 --> 0.006042).  Saving model ...
  Ep 17: Train 0.0060 | Val 0.0058 | Test 0.1945
Validation loss decreased (0.005845 --> 0.005845).  Saving model ...
  Ep 18: Train 0.0058 | Val 0.0060 | Test 0.2082
EarlyStopping counter: 1 out of 10
  Ep 19: Train 0.0056 | Val 0.0052 | Test 0.1952
Validation loss decreased (0.005236 --> 0.005236).  Saving model ...
  Ep 20: Train 0.0054 | Val 0.0053 | Test 0.1857
EarlyStopping counter: 1 out of 10
  Ep 21: Train 0.0053 | Val 0.0051 | Test 0.2141
Validation loss decreased (0.005053 --> 0.005053).  Saving model ...
  Ep 22: Train 0.0052 | Val 0.0049 | Test 0.2097
Validation loss decreased (0.004916 --> 0.004916).  Saving model ...
  Ep 23: Train 0.0050 | Val 0.0055 | Test 0.2010
EarlyStopping counter: 1 out of 10
  Ep 24: Train 0.0051 | Val 0.0049 | Test 0.2071
EarlyStopping counter: 2 out of 10
  Ep 25: Train 0.0048 | Val 0.0049 | Test 0.2244
EarlyStopping counter: 3 out of 10
  Ep 26: Train 0.0047 | Val 0.0046 | Test 0.2029
Validation loss decreased (0.004629 --> 0.004629).  Saving model ...
  Ep 27: Train 0.0046 | Val 0.0049 | Test 0.2083
EarlyStopping counter: 1 out of 10
  Ep 28: Train 0.0045 | Val 0.0045 | Test 0.2168
EarlyStopping counter: 2 out of 10
  Ep 29: Train 0.0044 | Val 0.0046 | Test 0.2652
EarlyStopping counter: 3 out of 10
  Ep 30: Train 0.0043 | Val 0.0044 | Test 0.2161
Validation loss decreased (0.004369 --> 0.004369).  Saving model ...
  Ep 31: Train 0.0042 | Val 0.0044 | Test 0.2603
EarlyStopping counter: 1 out of 10
  Ep 32: Train 0.0041 | Val 0.0043 | Test 0.2187
EarlyStopping counter: 2 out of 10
  Ep 33: Train 0.0041 | Val 0.0043 | Test 0.2231
EarlyStopping counter: 3 out of 10
  Ep 34: Train 0.0040 | Val 0.0041 | Test 0.2374
Validation loss decreased (0.004061 --> 0.004061).  Saving model ...
  Ep 35: Train 0.0038 | Val 0.0042 | Test 0.2172
EarlyStopping counter: 1 out of 10
  Ep 36: Train 0.0038 | Val 0.0043 | Test 0.2405
EarlyStopping counter: 2 out of 10
  Ep 37: Train 0.0037 | Val 0.0039 | Test 0.2191
Validation loss decreased (0.003921 --> 0.003921).  Saving model ...
  Ep 38: Train 0.0036 | Val 0.0038 | Test 0.2107
Validation loss decreased (0.003801 --> 0.003801).  Saving model ...
  Ep 39: Train 0.0036 | Val 0.0039 | Test 0.2561
EarlyStopping counter: 1 out of 10
  Ep 40: Train 0.0035 | Val 0.0038 | Test 0.2561
EarlyStopping counter: 2 out of 10
  Ep 41: Train 0.0034 | Val 0.0038 | Test 0.2501
EarlyStopping counter: 3 out of 10
  Ep 42: Train 0.0034 | Val 0.0037 | Test 0.2561
EarlyStopping counter: 4 out of 10
  Ep 43: Train 0.0033 | Val 0.0037 | Test 0.2601
EarlyStopping counter: 5 out of 10
  Ep 44: Train 0.0032 | Val 0.0037 | Test 0.2597
Validation loss decreased (0.003682 --> 0.003682).  Saving model ...
  Ep 45: Train 0.0032 | Val 0.0035 | Test 0.2952
Validation loss decreased (0.003464 --> 0.003464).  Saving model ...
  Ep 46: Train 0.0031 | Val 0.0035 | Test 0.2662
EarlyStopping counter: 1 out of 10
  Ep 47: Train 0.0030 | Val 0.0034 | Test 0.2813
EarlyStopping counter: 2 out of 10
  Ep 48: Train 0.0030 | Val 0.0034 | Test 0.2864
EarlyStopping counter: 3 out of 10
  Ep 49: Train 0.0029 | Val 0.0033 | Test 0.2987
Validation loss decreased (0.003302 --> 0.003302).  Saving model ...
  Ep 50: Train 0.0028 | Val 0.0035 | Test 0.4032
EarlyStopping counter: 1 out of 10
/home/sangukchoi/Stroke_SDA/sda_training.py:616: FutureWarning: You are using `torch.load` with `weights_only=False` (the current default value), which uses the default pickle module implicitly. It is possible to construct malicious pickle data which will execute arbitrary code during unpickling (See https://github.com/pytorch/pytorch/blob/main/SECURITY.md#untrusted-models for more details). In a future release, the default value for `weights_only` will be flipped to `True`. This limits the functions that could be executed during unpickling. Arbitrary objects will no longer be allowed to be loaded via this mode unless they are explicitly allowlisted by the user via `torch.serialization.add_safe_globals`. We recommend you start setting `weights_only=True` for any use case where you don't have full control of the loaded file. Please open an issue on GitHub for any issues related to this experimental feature.
  model.load_state_dict(torch.load(os.path.join(out_dir, 'best_model.pth')))
Final Test MSE (Best Model): 0.2987
Skipping Fold 2 due to max_folds limit.
Skipping Fold 3 due to max_folds limit.

--- Mode: TL ---

[Fold 1 - TL] Train: ['S004_T003', 'S004_T005'], Test: S004_T001, Norm: fixed
/home/sangukchoi/.conda/envs/torch_gpu/lib/python3.10/site-packages/torch/nn/modules/rnn.py:123: UserWarning: dropout option adds dropout after all but last recurrent layer, so non-zero dropout expects num_layers greater than 1, but got dropout=0.3 and num_layers=1
  warnings.warn(
  [TL] Loading Pre-trained SO Model from: results_final_rank3/S004/Fold_1_S004_T001_SO_frac1.0/best_model.pth
/home/sangukchoi/Stroke_SDA/sda_training.py:399: FutureWarning: You are using `torch.load` with `weights_only=False` (the current default value), which uses the default pickle module implicitly. It is possible to construct malicious pickle data which will execute arbitrary code during unpickling (See https://github.com/pytorch/pytorch/blob/main/SECURITY.md#untrusted-models for more details). In a future release, the default value for `weights_only` will be flipped to `True`. This limits the functions that could be executed during unpickling. Arbitrary objects will no longer be allowed to be loaded via this mode unless they are explicitly allowlisted by the user via `torch.serialization.add_safe_globals`. We recommend you start setting `weights_only=True` for any use case where you don't have full control of the loaded file. Please open an issue on GitHub for any issues related to this experimental feature.
  checkpoint = torch.load(so_path)
  [TL] Freezing Encoder and initializing Decoder Tgt...
  Ep 1: Train 0.4121 | Val 0.3659 | Test 0.2851
Validation loss decreased (0.365905 --> 0.365905).  Saving model ...
  Ep 2: Train 0.3856 | Val 0.3431 | Test 0.2737
Validation loss decreased (0.343058 --> 0.343058).  Saving model ...
  Ep 3: Train 0.3572 | Val 0.3222 | Test 0.2641
Validation loss decreased (0.322197 --> 0.322197).  Saving model ...
  Ep 4: Train 0.3417 | Val 0.3033 | Test 0.2561
Validation loss decreased (0.303282 --> 0.303282).  Saving model ...
  Ep 5: Train 0.3241 | Val 0.2863 | Test 0.2493
Validation loss decreased (0.286281 --> 0.286281).  Saving model ...
  Ep 6: Train 0.3080 | Val 0.2708 | Test 0.2438
Validation loss decreased (0.270760 --> 0.270760).  Saving model ...
  Ep 7: Train 0.2836 | Val 0.2570 | Test 0.2395
Validation loss decreased (0.256984 --> 0.256984).  Saving model ...
  Ep 8: Train 0.2708 | Val 0.2442 | Test 0.2359
Validation loss decreased (0.244208 --> 0.244208).  Saving model ...
  Ep 9: Train 0.2677 | Val 0.2326 | Test 0.2335
Validation loss decreased (0.232578 --> 0.232578).  Saving model ...
  Ep 10: Train 0.2482 | Val 0.2220 | Test 0.2317
Validation loss decreased (0.222050 --> 0.222050).  Saving model ...
  Ep 11: Train 0.2402 | Val 0.2127 | Test 0.2304
Validation loss decreased (0.212688 --> 0.212688).  Saving model ...
  Ep 12: Train 0.2196 | Val 0.2040 | Test 0.2294
Validation loss decreased (0.204022 --> 0.204022).  Saving model ...
  Ep 13: Train 0.2168 | Val 0.1962 | Test 0.2281
Validation loss decreased (0.196163 --> 0.196163).  Saving model ...
  Ep 14: Train 0.2076 | Val 0.1889 | Test 0.2272
Validation loss decreased (0.188880 --> 0.188880).  Saving model ...
  Ep 15: Train 0.1941 | Val 0.1823 | Test 0.2266
Validation loss decreased (0.182250 --> 0.182250).  Saving model ...
  Ep 16: Train 0.1905 | Val 0.1760 | Test 0.2256
Validation loss decreased (0.175957 --> 0.175957).  Saving model ...
  Ep 17: Train 0.1804 | Val 0.1702 | Test 0.2245
Validation loss decreased (0.170220 --> 0.170220).  Saving model ...
  Ep 18: Train 0.1806 | Val 0.1647 | Test 0.2234
Validation loss decreased (0.164699 --> 0.164699).  Saving model ...
  Ep 19: Train 0.1759 | Val 0.1596 | Test 0.2224
Validation loss decreased (0.159561 --> 0.159561).  Saving model ...
  Ep 20: Train 0.1615 | Val 0.1545 | Test 0.2213
Validation loss decreased (0.154494 --> 0.154494).  Saving model ...
  Ep 21: Train 0.1618 | Val 0.1496 | Test 0.2200
Validation loss decreased (0.149611 --> 0.149611).  Saving model ...
  Ep 22: Train 0.1517 | Val 0.1450 | Test 0.2184
Validation loss decreased (0.144973 --> 0.144973).  Saving model ...
  Ep 23: Train 0.1475 | Val 0.1404 | Test 0.2166
Validation loss decreased (0.140381 --> 0.140381).  Saving model ...
  Ep 24: Train 0.1409 | Val 0.1359 | Test 0.2146
Validation loss decreased (0.135926 --> 0.135926).  Saving model ...
  Ep 25: Train 0.1410 | Val 0.1317 | Test 0.2128
Validation loss decreased (0.131729 --> 0.131729).  Saving model ...
  Ep 26: Train 0.1369 | Val 0.1278 | Test 0.2109
Validation loss decreased (0.127809 --> 0.127809).  Saving model ...
  Ep 27: Train 0.1330 | Val 0.1239 | Test 0.2087
Validation loss decreased (0.123935 --> 0.123935).  Saving model ...
  Ep 28: Train 0.1257 | Val 0.1203 | Test 0.2067
Validation loss decreased (0.120293 --> 0.120293).  Saving model ...
  Ep 29: Train 0.1228 | Val 0.1167 | Test 0.2047
Validation loss decreased (0.116714 --> 0.116714).  Saving model ...
  Ep 30: Train 0.1166 | Val 0.1133 | Test 0.2028
Validation loss decreased (0.113290 --> 0.113290).  Saving model ...
  Ep 31: Train 0.1176 | Val 0.1099 | Test 0.2011
Validation loss decreased (0.109871 --> 0.109871).  Saving model ...
  Ep 32: Train 0.1117 | Val 0.1066 | Test 0.1990
Validation loss decreased (0.106593 --> 0.106593).  Saving model ...
  Ep 33: Train 0.1118 | Val 0.1033 | Test 0.1966
Validation loss decreased (0.103286 --> 0.103286).  Saving model ...
  Ep 34: Train 0.1058 | Val 0.1003 | Test 0.1945
Validation loss decreased (0.100284 --> 0.100284).  Saving model ...
  Ep 35: Train 0.1014 | Val 0.0974 | Test 0.1925
Validation loss decreased (0.097440 --> 0.097440).  Saving model ...
  Ep 36: Train 0.0958 | Val 0.0947 | Test 0.1907
Validation loss decreased (0.094660 --> 0.094660).  Saving model ...
  Ep 37: Train 0.0928 | Val 0.0920 | Test 0.1891
Validation loss decreased (0.091980 --> 0.091980).  Saving model ...
  Ep 38: Train 0.0939 | Val 0.0893 | Test 0.1872
Validation loss decreased (0.089254 --> 0.089254).  Saving model ...
  Ep 39: Train 0.0898 | Val 0.0865 | Test 0.1857
Validation loss decreased (0.086545 --> 0.086545).  Saving model ...
  Ep 40: Train 0.0883 | Val 0.0840 | Test 0.1846
Validation loss decreased (0.084003 --> 0.084003).  Saving model ...
  Ep 41: Train 0.0842 | Val 0.0814 | Test 0.1837
Validation loss decreased (0.081431 --> 0.081431).  Saving model ...
  Ep 42: Train 0.0794 | Val 0.0789 | Test 0.1830
Validation loss decreased (0.078882 --> 0.078882).  Saving model ...
  Ep 43: Train 0.0808 | Val 0.0765 | Test 0.1820
Validation loss decreased (0.076492 --> 0.076492).  Saving model ...
  Ep 44: Train 0.0755 | Val 0.0741 | Test 0.1810
Validation loss decreased (0.074116 --> 0.074116).  Saving model ...
  Ep 45: Train 0.0770 | Val 0.0720 | Test 0.1796
Validation loss decreased (0.071991 --> 0.071991).  Saving model ...
  Ep 46: Train 0.0704 | Val 0.0699 | Test 0.1785
Validation loss decreased (0.069945 --> 0.069945).  Saving model ...
  Ep 47: Train 0.0725 | Val 0.0681 | Test 0.1778
Validation loss decreased (0.068135 --> 0.068135).  Saving model ...
  Ep 48: Train 0.0682 | Val 0.0665 | Test 0.1770
Validation loss decreased (0.066514 --> 0.066514).  Saving model ...
  Ep 49: Train 0.0676 | Val 0.0650 | Test 0.1759
Validation loss decreased (0.064980 --> 0.064980).  Saving model ...
  Ep 50: Train 0.0688 | Val 0.0636 | Test 0.1750
Validation loss decreased (0.063556 --> 0.063556).  Saving model ...
/home/sangukchoi/Stroke_SDA/sda_training.py:616: FutureWarning: You are using `torch.load` with `weights_only=False` (the current default value), which uses the default pickle module implicitly. It is possible to construct malicious pickle data which will execute arbitrary code during unpickling (See https://github.com/pytorch/pytorch/blob/main/SECURITY.md#untrusted-models for more details). In a future release, the default value for `weights_only` will be flipped to `True`. This limits the functions that could be executed during unpickling. Arbitrary objects will no longer be allowed to be loaded via this mode unless they are explicitly allowlisted by the user via `torch.serialization.add_safe_globals`. We recommend you start setting `weights_only=True` for any use case where you don't have full control of the loaded file. Please open an issue on GitHub for any issues related to this experimental feature.
  model.load_state_dict(torch.load(os.path.join(out_dir, 'best_model.pth')))
Final Test MSE (Best Model): 0.1750
Skipping Fold 2 due to max_folds limit.
Skipping Fold 3 due to max_folds limit.


================================================
Processing Target Subject: S006
================================================
Trials: ['S006_T001', 'S006_T004', 'S006_T006']

--- Mode: SDA ---

[Fold 1 - SDA] Train: ['S006_T004', 'S006_T006'], Test: S006_T001, Norm: fixed
/home/sangukchoi/.conda/envs/torch_gpu/lib/python3.10/site-packages/torch/nn/modules/rnn.py:123: UserWarning: dropout option adds dropout after all but last recurrent layer, so non-zero dropout expects num_layers greater than 1, but got dropout=0.3 and num_layers=1
  warnings.warn(
  Ep 1: Train 0.3922 | Val 0.4199 | Test 0.0535
Validation loss decreased (0.419862 --> 0.419862).  Saving model ...
  Ep 2: Train 0.2548 | Val 0.4003 | Test 0.0424
Validation loss decreased (0.400304 --> 0.400304).  Saving model ...
  Ep 3: Train 0.2282 | Val 0.4026 | Test 0.0405
EarlyStopping counter: 1 out of 10
  Ep 4: Train 0.2234 | Val 0.3983 | Test 0.0430
Validation loss decreased (0.398278 --> 0.398278).  Saving model ...
  Ep 5: Train 0.2158 | Val 0.3900 | Test 0.0360
Validation loss decreased (0.390008 --> 0.390008).  Saving model ...
  Ep 6: Train 0.2122 | Val 0.3791 | Test 0.0360
Validation loss decreased (0.379126 --> 0.379126).  Saving model ...
  Ep 7: Train 0.2122 | Val 0.4086 | Test 0.0403
EarlyStopping counter: 1 out of 10
  Ep 8: Train 0.2055 | Val 0.3379 | Test 0.0348
Validation loss decreased (0.337947 --> 0.337947).  Saving model ...
  Ep 9: Train 0.2069 | Val 0.3447 | Test 0.0349
EarlyStopping counter: 1 out of 10
  Ep 10: Train 0.2067 | Val 0.3258 | Test 0.0357
Validation loss decreased (0.325790 --> 0.325790).  Saving model ...
  Ep 11: Train 0.1982 | Val 0.3272 | Test 0.0344
EarlyStopping counter: 1 out of 10
  Ep 12: Train 0.1908 | Val 0.3861 | Test 0.0316
EarlyStopping counter: 2 out of 10
  Ep 13: Train 0.1966 | Val 0.3418 | Test 0.0380
EarlyStopping counter: 3 out of 10
  Ep 14: Train 0.1833 | Val 0.3511 | Test 0.0380
EarlyStopping counter: 4 out of 10
  Ep 15: Train 0.1906 | Val 0.3350 | Test 0.0455
EarlyStopping counter: 5 out of 10
  Ep 16: Train 0.1861 | Val 0.3047 | Test 0.0383
Validation loss decreased (0.304655 --> 0.304655).  Saving model ...
  Ep 17: Train 0.1872 | Val 0.3157 | Test 0.0338
EarlyStopping counter: 1 out of 10
  Ep 18: Train 0.1929 | Val 0.3206 | Test 0.0375
EarlyStopping counter: 2 out of 10
  Ep 19: Train 0.1823 | Val 0.3504 | Test 0.0419
EarlyStopping counter: 3 out of 10
  Ep 20: Train 0.1837 | Val 0.3423 | Test 0.0305
EarlyStopping counter: 4 out of 10
  Ep 21: Train 0.1836 | Val 0.3167 | Test 0.0313
EarlyStopping counter: 5 out of 10
  Ep 22: Train 0.1796 | Val 0.3148 | Test 0.0303
EarlyStopping counter: 6 out of 10
  Ep 23: Train 0.1800 | Val 0.3043 | Test 0.0310
Validation loss decreased (0.304316 --> 0.304316).  Saving model ...
  Ep 24: Train 0.1781 | Val 0.3182 | Test 0.0289
EarlyStopping counter: 1 out of 10
  Ep 25: Train 0.1772 | Val 0.2926 | Test 0.0390
Validation loss decreased (0.292647 --> 0.292647).  Saving model ...
  Ep 26: Train 0.1777 | Val 0.3755 | Test 0.0327
EarlyStopping counter: 1 out of 10
  Ep 27: Train 0.3434 | Val 0.3658 | Test 0.0341
EarlyStopping counter: 2 out of 10
  Ep 28: Train 0.1830 | Val 0.2816 | Test 0.0337
Validation loss decreased (0.281560 --> 0.281560).  Saving model ...
  Ep 29: Train 0.1782 | Val 0.3581 | Test 0.0321
EarlyStopping counter: 1 out of 10
  Ep 30: Train 0.1726 | Val 0.3302 | Test 0.0313
EarlyStopping counter: 2 out of 10
  Ep 31: Train 0.1706 | Val 0.2870 | Test 0.0304
EarlyStopping counter: 3 out of 10
  Ep 32: Train 0.1661 | Val 0.3071 | Test 0.0306
EarlyStopping counter: 4 out of 10
  Ep 33: Train 0.1662 | Val 0.2865 | Test 0.0359
EarlyStopping counter: 5 out of 10
  Ep 34: Train 0.1651 | Val 0.4357 | Test 0.0379
EarlyStopping counter: 6 out of 10
  Ep 35: Train 0.1630 | Val 0.2417 | Test 0.0353
Validation loss decreased (0.241749 --> 0.241749).  Saving model ...
  Ep 36: Train 0.1669 | Val 0.3270 | Test 0.0381
EarlyStopping counter: 1 out of 10
  Ep 37: Train 0.1586 | Val 0.2251 | Test 0.0325
Validation loss decreased (0.225082 --> 0.225082).  Saving model ...
  Ep 38: Train 0.1718 | Val 0.5909 | Test 0.0607
EarlyStopping counter: 1 out of 10
  Ep 39: Train 0.1662 | Val 0.5235 | Test 0.0358
EarlyStopping counter: 2 out of 10
  Ep 40: Train -6.4697 | Val 5.1905 | Test 0.4677
EarlyStopping counter: 3 out of 10
  Ep 41: Train 0.8134 | Val 0.9114 | Test 0.4367
EarlyStopping counter: 4 out of 10
  Ep 42: Train 0.7171 | Val 1.5972 | Test 0.4082
EarlyStopping counter: 5 out of 10
  Ep 43: Train 0.6728 | Val 5.5215 | Test 0.3803
EarlyStopping counter: 6 out of 10
  Ep 44: Train 0.6821 | Val 0.5305 | Test 0.3505
EarlyStopping counter: 7 out of 10
  Ep 45: Train 0.5666 | Val 0.4685 | Test 0.3257
EarlyStopping counter: 8 out of 10
  Ep 46: Train 0.4991 | Val 0.9355 | Test 0.2868
EarlyStopping counter: 9 out of 10
  Ep 47: Train 0.5005 | Val 1.7085 | Test 0.1743
EarlyStopping counter: 10 out of 10
Early stopping triggered!
/home/sangukchoi/Stroke_SDA/sda_training.py:616: FutureWarning: You are using `torch.load` with `weights_only=False` (the current default value), which uses the default pickle module implicitly. It is possible to construct malicious pickle data which will execute arbitrary code during unpickling (See https://github.com/pytorch/pytorch/blob/main/SECURITY.md#untrusted-models for more details). In a future release, the default value for `weights_only` will be flipped to `True`. This limits the functions that could be executed during unpickling. Arbitrary objects will no longer be allowed to be loaded via this mode unless they are explicitly allowlisted by the user via `torch.serialization.add_safe_globals`. We recommend you start setting `weights_only=True` for any use case where you don't have full control of the loaded file. Please open an issue on GitHub for any issues related to this experimental feature.
  model.load_state_dict(torch.load(os.path.join(out_dir, 'best_model.pth')))
Final Test MSE (Best Model): 0.0325
Skipping Fold 2 due to max_folds limit.
Skipping Fold 3 due to max_folds limit.

--- Mode: TO ---

[Fold 1 - TO] Train: ['S006_T004', 'S006_T006'], Test: S006_T001, Norm: independent
/home/sangukchoi/.conda/envs/torch_gpu/lib/python3.10/site-packages/torch/nn/modules/rnn.py:123: UserWarning: dropout option adds dropout after all but last recurrent layer, so non-zero dropout expects num_layers greater than 1, but got dropout=0.3 and num_layers=1
  warnings.warn(
  Ep 1: Train 0.4974 | Val 0.3115 | Test 0.3231
Validation loss decreased (0.311543 --> 0.311543).  Saving model ...
  Ep 2: Train 0.2286 | Val 0.1340 | Test 0.1672
Validation loss decreased (0.133964 --> 0.133964).  Saving model ...
  Ep 3: Train 0.1165 | Val 0.0780 | Test 0.1157
Validation loss decreased (0.078024 --> 0.078024).  Saving model ...
  Ep 4: Train 0.0743 | Val 0.0624 | Test 0.0994
Validation loss decreased (0.062422 --> 0.062422).  Saving model ...
  Ep 5: Train 0.0592 | Val 0.0515 | Test 0.0889
Validation loss decreased (0.051489 --> 0.051489).  Saving model ...
  Ep 6: Train 0.0500 | Val 0.0421 | Test 0.0758
Validation loss decreased (0.042056 --> 0.042056).  Saving model ...
  Ep 7: Train 0.0431 | Val 0.0344 | Test 0.0640
Validation loss decreased (0.034407 --> 0.034407).  Saving model ...
  Ep 8: Train 0.0345 | Val 0.0294 | Test 0.0597
Validation loss decreased (0.029379 --> 0.029379).  Saving model ...
  Ep 9: Train 0.0321 | Val 0.0262 | Test 0.0565
Validation loss decreased (0.026189 --> 0.026189).  Saving model ...
  Ep 10: Train 0.0288 | Val 0.0234 | Test 0.0509
Validation loss decreased (0.023418 --> 0.023418).  Saving model ...
  Ep 11: Train 0.0261 | Val 0.0219 | Test 0.0513
Validation loss decreased (0.021930 --> 0.021930).  Saving model ...
  Ep 12: Train 0.0253 | Val 0.0204 | Test 0.0479
Validation loss decreased (0.020421 --> 0.020421).  Saving model ...
  Ep 13: Train 0.0232 | Val 0.0195 | Test 0.0475
Validation loss decreased (0.019463 --> 0.019463).  Saving model ...
  Ep 14: Train 0.0215 | Val 0.0186 | Test 0.0465
Validation loss decreased (0.018625 --> 0.018625).  Saving model ...
  Ep 15: Train 0.0216 | Val 0.0179 | Test 0.0456
Validation loss decreased (0.017895 --> 0.017895).  Saving model ...
  Ep 16: Train 0.0208 | Val 0.0173 | Test 0.0469
Validation loss decreased (0.017339 --> 0.017339).  Saving model ...
  Ep 17: Train 0.0201 | Val 0.0170 | Test 0.0464
Validation loss decreased (0.017011 --> 0.017011).  Saving model ...
  Ep 18: Train 0.0194 | Val 0.0163 | Test 0.0443
Validation loss decreased (0.016335 --> 0.016335).  Saving model ...
  Ep 19: Train 0.0181 | Val 0.0159 | Test 0.0453
Validation loss decreased (0.015871 --> 0.015871).  Saving model ...
  Ep 20: Train 0.0180 | Val 0.0150 | Test 0.0403
Validation loss decreased (0.015035 --> 0.015035).  Saving model ...
  Ep 21: Train 0.0169 | Val 0.0146 | Test 0.0437
Validation loss decreased (0.014631 --> 0.014631).  Saving model ...
  Ep 22: Train 0.0165 | Val 0.0143 | Test 0.0424
Validation loss decreased (0.014324 --> 0.014324).  Saving model ...
  Ep 23: Train 0.0163 | Val 0.0135 | Test 0.0404
Validation loss decreased (0.013534 --> 0.013534).  Saving model ...
  Ep 24: Train 0.0160 | Val 0.0134 | Test 0.0413
Validation loss decreased (0.013434 --> 0.013434).  Saving model ...
  Ep 25: Train 0.0154 | Val 0.0132 | Test 0.0422
Validation loss decreased (0.013226 --> 0.013226).  Saving model ...
  Ep 26: Train 0.0144 | Val 0.0130 | Test 0.0412
Validation loss decreased (0.012964 --> 0.012964).  Saving model ...
  Ep 27: Train 0.0144 | Val 0.0123 | Test 0.0388
Validation loss decreased (0.012320 --> 0.012320).  Saving model ...
  Ep 28: Train 0.0142 | Val 0.0122 | Test 0.0418
Validation loss decreased (0.012185 --> 0.012185).  Saving model ...
  Ep 29: Train 0.0139 | Val 0.0115 | Test 0.0368
Validation loss decreased (0.011518 --> 0.011518).  Saving model ...
  Ep 30: Train 0.0142 | Val 0.0115 | Test 0.0388
EarlyStopping counter: 1 out of 10
  Ep 31: Train 0.0138 | Val 0.0110 | Test 0.0366
Validation loss decreased (0.010962 --> 0.010962).  Saving model ...
  Ep 32: Train 0.0127 | Val 0.0112 | Test 0.0408
EarlyStopping counter: 1 out of 10
  Ep 33: Train 0.0122 | Val 0.0103 | Test 0.0365
Validation loss decreased (0.010344 --> 0.010344).  Saving model ...
  Ep 34: Train 0.0118 | Val 0.0105 | Test 0.0388
EarlyStopping counter: 1 out of 10
  Ep 35: Train 0.0122 | Val 0.0100 | Test 0.0370
Validation loss decreased (0.009970 --> 0.009970).  Saving model ...
  Ep 36: Train 0.0116 | Val 0.0099 | Test 0.0367
EarlyStopping counter: 1 out of 10
  Ep 37: Train 0.0110 | Val 0.0098 | Test 0.0369
Validation loss decreased (0.009822 --> 0.009822).  Saving model ...
  Ep 38: Train 0.0122 | Val 0.0096 | Test 0.0370
Validation loss decreased (0.009597 --> 0.009597).  Saving model ...
  Ep 39: Train 0.0117 | Val 0.0095 | Test 0.0373
EarlyStopping counter: 1 out of 10
  Ep 40: Train 0.0104 | Val 0.0092 | Test 0.0365
Validation loss decreased (0.009185 --> 0.009185).  Saving model ...
  Ep 41: Train 0.0106 | Val 0.0091 | Test 0.0360
EarlyStopping counter: 1 out of 10
  Ep 42: Train 0.0108 | Val 0.0089 | Test 0.0347
Validation loss decreased (0.008891 --> 0.008891).  Saving model ...
  Ep 43: Train 0.0104 | Val 0.0091 | Test 0.0374
EarlyStopping counter: 1 out of 10
  Ep 44: Train 0.0102 | Val 0.0089 | Test 0.0347
EarlyStopping counter: 2 out of 10
  Ep 45: Train 0.0101 | Val 0.0089 | Test 0.0357
EarlyStopping counter: 3 out of 10
  Ep 46: Train 0.0104 | Val 0.0086 | Test 0.0344
Validation loss decreased (0.008600 --> 0.008600).  Saving model ...
  Ep 47: Train 0.0100 | Val 0.0087 | Test 0.0369
EarlyStopping counter: 1 out of 10
  Ep 48: Train 0.0101 | Val 0.0088 | Test 0.0371
EarlyStopping counter: 2 out of 10
  Ep 49: Train 0.0095 | Val 0.0085 | Test 0.0331
Validation loss decreased (0.008489 --> 0.008489).  Saving model ...
  Ep 50: Train 0.0097 | Val 0.0086 | Test 0.0364
EarlyStopping counter: 1 out of 10
/home/sangukchoi/Stroke_SDA/sda_training.py:616: FutureWarning: You are using `torch.load` with `weights_only=False` (the current default value), which uses the default pickle module implicitly. It is possible to construct malicious pickle data which will execute arbitrary code during unpickling (See https://github.com/pytorch/pytorch/blob/main/SECURITY.md#untrusted-models for more details). In a future release, the default value for `weights_only` will be flipped to `True`. This limits the functions that could be executed during unpickling. Arbitrary objects will no longer be allowed to be loaded via this mode unless they are explicitly allowlisted by the user via `torch.serialization.add_safe_globals`. We recommend you start setting `weights_only=True` for any use case where you don't have full control of the loaded file. Please open an issue on GitHub for any issues related to this experimental feature.
  model.load_state_dict(torch.load(os.path.join(out_dir, 'best_model.pth')))
Final Test MSE (Best Model): 0.0331
Skipping Fold 2 due to max_folds limit.
Skipping Fold 3 due to max_folds limit.

--- Mode: SO ---

[Fold 1 - SO] Train: ['S006_T004', 'S006_T006'], Test: S006_T001, Norm: fixed
/home/sangukchoi/.conda/envs/torch_gpu/lib/python3.10/site-packages/torch/nn/modules/rnn.py:123: UserWarning: dropout option adds dropout after all but last recurrent layer, so non-zero dropout expects num_layers greater than 1, but got dropout=0.3 and num_layers=1
  warnings.warn(
  Ep 1: Train 0.0478 | Val 0.0192 | Test 0.6522
Validation loss decreased (0.019175 --> 0.019175).  Saving model ...
  Ep 2: Train 0.0169 | Val 0.0144 | Test 0.5898
Validation loss decreased (0.014423 --> 0.014423).  Saving model ...
  Ep 3: Train 0.0135 | Val 0.0115 | Test 0.5684
Validation loss decreased (0.011549 --> 0.011549).  Saving model ...
  Ep 4: Train 0.0119 | Val 0.0107 | Test 0.5497
Validation loss decreased (0.010708 --> 0.010708).  Saving model ...
  Ep 5: Train 0.0108 | Val 0.0094 | Test 0.5574
Validation loss decreased (0.009416 --> 0.009416).  Saving model ...
  Ep 6: Train 0.0099 | Val 0.0095 | Test 0.4135
EarlyStopping counter: 1 out of 10
  Ep 7: Train 0.0092 | Val 0.0080 | Test 0.6412
Validation loss decreased (0.007991 --> 0.007991).  Saving model ...
  Ep 8: Train 0.0087 | Val 0.0083 | Test 0.5479
EarlyStopping counter: 1 out of 10
  Ep 9: Train 0.0082 | Val 0.0075 | Test 0.6431
Validation loss decreased (0.007514 --> 0.007514).  Saving model ...
  Ep 10: Train 0.0078 | Val 0.0070 | Test 0.4679
Validation loss decreased (0.007024 --> 0.007024).  Saving model ...
  Ep 11: Train 0.0073 | Val 0.0066 | Test 0.6721
Validation loss decreased (0.006646 --> 0.006646).  Saving model ...
  Ep 12: Train 0.0071 | Val 0.0064 | Test 0.6826
Validation loss decreased (0.006421 --> 0.006421).  Saving model ...
  Ep 13: Train 0.0068 | Val 0.0060 | Test 0.6313
Validation loss decreased (0.006031 --> 0.006031).  Saving model ...
  Ep 14: Train 0.0065 | Val 0.0062 | Test 0.6225
EarlyStopping counter: 1 out of 10
  Ep 15: Train 0.0063 | Val 0.0060 | Test 0.5556
EarlyStopping counter: 2 out of 10
  Ep 16: Train 0.0063 | Val 0.0063 | Test 0.6344
EarlyStopping counter: 3 out of 10
  Ep 17: Train 0.0060 | Val 0.0059 | Test 0.6158
Validation loss decreased (0.005860 --> 0.005860).  Saving model ...
  Ep 18: Train 0.0056 | Val 0.0055 | Test 0.6176
Validation loss decreased (0.005531 --> 0.005531).  Saving model ...
  Ep 19: Train 0.0055 | Val 0.0053 | Test 0.6148
Validation loss decreased (0.005255 --> 0.005255).  Saving model ...
  Ep 20: Train 0.0053 | Val 0.0052 | Test 0.6114
EarlyStopping counter: 1 out of 10
  Ep 21: Train 0.0053 | Val 0.0052 | Test 0.5367
EarlyStopping counter: 2 out of 10
  Ep 22: Train 0.0051 | Val 0.0049 | Test 0.4765
Validation loss decreased (0.004915 --> 0.004915).  Saving model ...
  Ep 23: Train 0.0049 | Val 0.0050 | Test 0.5223
EarlyStopping counter: 1 out of 10
  Ep 24: Train 0.0048 | Val 0.0046 | Test 0.5560
Validation loss decreased (0.004615 --> 0.004615).  Saving model ...
  Ep 25: Train 0.0047 | Val 0.0045 | Test 0.4961
Validation loss decreased (0.004496 --> 0.004496).  Saving model ...
  Ep 26: Train 0.0046 | Val 0.0047 | Test 0.5470
EarlyStopping counter: 1 out of 10
  Ep 27: Train 0.0045 | Val 0.0044 | Test 0.5954
EarlyStopping counter: 2 out of 10
  Ep 28: Train 0.0044 | Val 0.0043 | Test 0.5017
Validation loss decreased (0.004330 --> 0.004330).  Saving model ...
  Ep 29: Train 0.0043 | Val 0.0044 | Test 0.5363
EarlyStopping counter: 1 out of 10
  Ep 30: Train 0.0042 | Val 0.0044 | Test 0.6721
EarlyStopping counter: 2 out of 10
  Ep 31: Train 0.0041 | Val 0.0043 | Test 0.5964
EarlyStopping counter: 3 out of 10
  Ep 32: Train 0.0040 | Val 0.0043 | Test 0.5480
EarlyStopping counter: 4 out of 10
  Ep 33: Train 0.0039 | Val 0.0042 | Test 0.5287
Validation loss decreased (0.004160 --> 0.004160).  Saving model ...
  Ep 34: Train 0.0038 | Val 0.0039 | Test 0.5181
Validation loss decreased (0.003875 --> 0.003875).  Saving model ...
  Ep 35: Train 0.0037 | Val 0.0041 | Test 0.5257
EarlyStopping counter: 1 out of 10
  Ep 36: Train 0.0037 | Val 0.0040 | Test 0.5054
EarlyStopping counter: 2 out of 10
  Ep 37: Train 0.0036 | Val 0.0038 | Test 0.5424
Validation loss decreased (0.003764 --> 0.003764).  Saving model ...
  Ep 38: Train 0.0035 | Val 0.0037 | Test 0.5425
EarlyStopping counter: 1 out of 10
  Ep 39: Train 0.0034 | Val 0.0037 | Test 0.5570
EarlyStopping counter: 2 out of 10
  Ep 40: Train 0.0034 | Val 0.0037 | Test 0.5427
Validation loss decreased (0.003657 --> 0.003657).  Saving model ...
  Ep 41: Train 0.0033 | Val 0.0039 | Test 0.5973
EarlyStopping counter: 1 out of 10
  Ep 42: Train 0.0032 | Val 0.0035 | Test 0.5360
Validation loss decreased (0.003532 --> 0.003532).  Saving model ...
  Ep 43: Train 0.0032 | Val 0.0035 | Test 0.5629
EarlyStopping counter: 1 out of 10
  Ep 44: Train 0.0031 | Val 0.0035 | Test 0.6300
EarlyStopping counter: 2 out of 10
  Ep 45: Train 0.0030 | Val 0.0034 | Test 0.6180
Validation loss decreased (0.003393 --> 0.003393).  Saving model ...
  Ep 46: Train 0.0030 | Val 0.0035 | Test 0.5751
EarlyStopping counter: 1 out of 10
  Ep 47: Train 0.0030 | Val 0.0034 | Test 0.6418
EarlyStopping counter: 2 out of 10
  Ep 48: Train 0.0028 | Val 0.0033 | Test 0.6163
Validation loss decreased (0.003277 --> 0.003277).  Saving model ...
  Ep 49: Train 0.0028 | Val 0.0033 | Test 0.6138
EarlyStopping counter: 1 out of 10
  Ep 50: Train 0.0027 | Val 0.0032 | Test 0.6759
EarlyStopping counter: 2 out of 10
/home/sangukchoi/Stroke_SDA/sda_training.py:616: FutureWarning: You are using `torch.load` with `weights_only=False` (the current default value), which uses the default pickle module implicitly. It is possible to construct malicious pickle data which will execute arbitrary code during unpickling (See https://github.com/pytorch/pytorch/blob/main/SECURITY.md#untrusted-models for more details). In a future release, the default value for `weights_only` will be flipped to `True`. This limits the functions that could be executed during unpickling. Arbitrary objects will no longer be allowed to be loaded via this mode unless they are explicitly allowlisted by the user via `torch.serialization.add_safe_globals`. We recommend you start setting `weights_only=True` for any use case where you don't have full control of the loaded file. Please open an issue on GitHub for any issues related to this experimental feature.
  model.load_state_dict(torch.load(os.path.join(out_dir, 'best_model.pth')))
Final Test MSE (Best Model): 0.6163
Skipping Fold 2 due to max_folds limit.
Skipping Fold 3 due to max_folds limit.

--- Mode: TL ---

[Fold 1 - TL] Train: ['S006_T004', 'S006_T006'], Test: S006_T001, Norm: fixed
/home/sangukchoi/.conda/envs/torch_gpu/lib/python3.10/site-packages/torch/nn/modules/rnn.py:123: UserWarning: dropout option adds dropout after all but last recurrent layer, so non-zero dropout expects num_layers greater than 1, but got dropout=0.3 and num_layers=1
  warnings.warn(
  [TL] Loading Pre-trained SO Model from: results_final_rank3/S006/Fold_1_S006_T001_SO_frac1.0/best_model.pth
/home/sangukchoi/Stroke_SDA/sda_training.py:399: FutureWarning: You are using `torch.load` with `weights_only=False` (the current default value), which uses the default pickle module implicitly. It is possible to construct malicious pickle data which will execute arbitrary code during unpickling (See https://github.com/pytorch/pytorch/blob/main/SECURITY.md#untrusted-models for more details). In a future release, the default value for `weights_only` will be flipped to `True`. This limits the functions that could be executed during unpickling. Arbitrary objects will no longer be allowed to be loaded via this mode unless they are explicitly allowlisted by the user via `torch.serialization.add_safe_globals`. We recommend you start setting `weights_only=True` for any use case where you don't have full control of the loaded file. Please open an issue on GitHub for any issues related to this experimental feature.
  checkpoint = torch.load(so_path)
  [TL] Freezing Encoder and initializing Decoder Tgt...
  Ep 1: Train 0.6406 | Val 0.4807 | Test 0.5277
Validation loss decreased (0.480703 --> 0.480703).  Saving model ...
  Ep 2: Train 0.5441 | Val 0.4121 | Test 0.4515
Validation loss decreased (0.412077 --> 0.412077).  Saving model ...
  Ep 3: Train 0.4647 | Val 0.3573 | Test 0.3896
Validation loss decreased (0.357294 --> 0.357294).  Saving model ...
  Ep 4: Train 0.4046 | Val 0.3142 | Test 0.3396
Validation loss decreased (0.314205 --> 0.314205).  Saving model ...
  Ep 5: Train 0.3466 | Val 0.2779 | Test 0.2971
Validation loss decreased (0.277909 --> 0.277909).  Saving model ...
  Ep 6: Train 0.3047 | Val 0.2470 | Test 0.2609
Validation loss decreased (0.247047 --> 0.247047).  Saving model ...
  Ep 7: Train 0.2608 | Val 0.2227 | Test 0.2322
Validation loss decreased (0.222716 --> 0.222716).  Saving model ...
  Ep 8: Train 0.2218 | Val 0.2049 | Test 0.2125
Validation loss decreased (0.204851 --> 0.204851).  Saving model ...
  Ep 9: Train 0.1999 | Val 0.1898 | Test 0.1973
Validation loss decreased (0.189821 --> 0.189821).  Saving model ...
  Ep 10: Train 0.1802 | Val 0.1757 | Test 0.1842
Validation loss decreased (0.175667 --> 0.175667).  Saving model ...
  Ep 11: Train 0.1628 | Val 0.1587 | Test 0.1694
Validation loss decreased (0.158693 --> 0.158693).  Saving model ...
  Ep 12: Train 0.1463 | Val 0.1412 | Test 0.1543
Validation loss decreased (0.141230 --> 0.141230).  Saving model ...
  Ep 13: Train 0.1304 | Val 0.1258 | Test 0.1405
Validation loss decreased (0.125825 --> 0.125825).  Saving model ...
  Ep 14: Train 0.1173 | Val 0.1121 | Test 0.1274
Validation loss decreased (0.112139 --> 0.112139).  Saving model ...
  Ep 15: Train 0.1074 | Val 0.1005 | Test 0.1154
Validation loss decreased (0.100515 --> 0.100515).  Saving model ...
  Ep 16: Train 0.0944 | Val 0.0900 | Test 0.1058
Validation loss decreased (0.089967 --> 0.089967).  Saving model ...
  Ep 17: Train 0.0855 | Val 0.0826 | Test 0.0998
Validation loss decreased (0.082563 --> 0.082563).  Saving model ...
  Ep 18: Train 0.0791 | Val 0.0757 | Test 0.0942
Validation loss decreased (0.075720 --> 0.075720).  Saving model ...
  Ep 19: Train 0.0738 | Val 0.0699 | Test 0.0894
Validation loss decreased (0.069921 --> 0.069921).  Saving model ...
  Ep 20: Train 0.0696 | Val 0.0651 | Test 0.0851
Validation loss decreased (0.065121 --> 0.065121).  Saving model ...
  Ep 21: Train 0.0643 | Val 0.0613 | Test 0.0818
Validation loss decreased (0.061283 --> 0.061283).  Saving model ...
  Ep 22: Train 0.0612 | Val 0.0581 | Test 0.0799
Validation loss decreased (0.058060 --> 0.058060).  Saving model ...
  Ep 23: Train 0.0580 | Val 0.0552 | Test 0.0780
Validation loss decreased (0.055203 --> 0.055203).  Saving model ...
  Ep 24: Train 0.0580 | Val 0.0524 | Test 0.0754
Validation loss decreased (0.052364 --> 0.052364).  Saving model ...
  Ep 25: Train 0.0538 | Val 0.0504 | Test 0.0745
Validation loss decreased (0.050440 --> 0.050440).  Saving model ...
  Ep 26: Train 0.0521 | Val 0.0482 | Test 0.0728
Validation loss decreased (0.048203 --> 0.048203).  Saving model ...
  Ep 27: Train 0.0513 | Val 0.0463 | Test 0.0720
Validation loss decreased (0.046328 --> 0.046328).  Saving model ...
  Ep 28: Train 0.0503 | Val 0.0446 | Test 0.0709
Validation loss decreased (0.044610 --> 0.044610).  Saving model ...
  Ep 29: Train 0.0482 | Val 0.0428 | Test 0.0683
Validation loss decreased (0.042805 --> 0.042805).  Saving model ...
  Ep 30: Train 0.0479 | Val 0.0414 | Test 0.0670
Validation loss decreased (0.041367 --> 0.041367).  Saving model ...
  Ep 31: Train 0.0454 | Val 0.0400 | Test 0.0663
Validation loss decreased (0.040049 --> 0.040049).  Saving model ...
  Ep 32: Train 0.0451 | Val 0.0388 | Test 0.0654
Validation loss decreased (0.038796 --> 0.038796).  Saving model ...
  Ep 33: Train 0.0452 | Val 0.0377 | Test 0.0650
Validation loss decreased (0.037729 --> 0.037729).  Saving model ...
  Ep 34: Train 0.0426 | Val 0.0368 | Test 0.0650
Validation loss decreased (0.036763 --> 0.036763).  Saving model ...
  Ep 35: Train 0.0418 | Val 0.0357 | Test 0.0640
Validation loss decreased (0.035728 --> 0.035728).  Saving model ...
  Ep 36: Train 0.0401 | Val 0.0346 | Test 0.0621
Validation loss decreased (0.034585 --> 0.034585).  Saving model ...
  Ep 37: Train 0.0387 | Val 0.0338 | Test 0.0614
Validation loss decreased (0.033775 --> 0.033775).  Saving model ...
  Ep 38: Train 0.0390 | Val 0.0329 | Test 0.0608
Validation loss decreased (0.032937 --> 0.032937).  Saving model ...
  Ep 39: Train 0.0389 | Val 0.0321 | Test 0.0607
Validation loss decreased (0.032120 --> 0.032120).  Saving model ...
  Ep 40: Train 0.0369 | Val 0.0313 | Test 0.0593
Validation loss decreased (0.031317 --> 0.031317).  Saving model ...
  Ep 41: Train 0.0365 | Val 0.0306 | Test 0.0596
Validation loss decreased (0.030621 --> 0.030621).  Saving model ...
  Ep 42: Train 0.0362 | Val 0.0300 | Test 0.0595
Validation loss decreased (0.030005 --> 0.030005).  Saving model ...
  Ep 43: Train 0.0339 | Val 0.0293 | Test 0.0585
Validation loss decreased (0.029329 --> 0.029329).  Saving model ...
  Ep 44: Train 0.0359 | Val 0.0286 | Test 0.0568
Validation loss decreased (0.028629 --> 0.028629).  Saving model ...
  Ep 45: Train 0.0342 | Val 0.0281 | Test 0.0568
Validation loss decreased (0.028123 --> 0.028123).  Saving model ...
  Ep 46: Train 0.0322 | Val 0.0275 | Test 0.0569
Validation loss decreased (0.027546 --> 0.027546).  Saving model ...
  Ep 47: Train 0.0327 | Val 0.0269 | Test 0.0564
Validation loss decreased (0.026939 --> 0.026939).  Saving model ...
  Ep 48: Train 0.0336 | Val 0.0265 | Test 0.0561
Validation loss decreased (0.026454 --> 0.026454).  Saving model ...
  Ep 49: Train 0.0338 | Val 0.0261 | Test 0.0552
Validation loss decreased (0.026090 --> 0.026090).  Saving model ...
  Ep 50: Train 0.0322 | Val 0.0255 | Test 0.0552
Validation loss decreased (0.025489 --> 0.025489).  Saving model ...
/home/sangukchoi/Stroke_SDA/sda_training.py:616: FutureWarning: You are using `torch.load` with `weights_only=False` (the current default value), which uses the default pickle module implicitly. It is possible to construct malicious pickle data which will execute arbitrary code during unpickling (See https://github.com/pytorch/pytorch/blob/main/SECURITY.md#untrusted-models for more details). In a future release, the default value for `weights_only` will be flipped to `True`. This limits the functions that could be executed during unpickling. Arbitrary objects will no longer be allowed to be loaded via this mode unless they are explicitly allowlisted by the user via `torch.serialization.add_safe_globals`. We recommend you start setting `weights_only=True` for any use case where you don't have full control of the loaded file. Please open an issue on GitHub for any issues related to this experimental feature.
  model.load_state_dict(torch.load(os.path.join(out_dir, 'best_model.pth')))
Final Test MSE (Best Model): 0.0552
Skipping Fold 2 due to max_folds limit.
Skipping Fold 3 due to max_folds limit.


================================================
Processing Target Subject: S007
================================================
Trials: ['S007_T005', 'S007_T006', 'S007_T009']

--- Mode: SDA ---

[Fold 1 - SDA] Train: ['S007_T006', 'S007_T009'], Test: S007_T005, Norm: fixed
/home/sangukchoi/.conda/envs/torch_gpu/lib/python3.10/site-packages/torch/nn/modules/rnn.py:123: UserWarning: dropout option adds dropout after all but last recurrent layer, so non-zero dropout expects num_layers greater than 1, but got dropout=0.3 and num_layers=1
  warnings.warn(
  Ep 1: Train 0.3258 | Val 0.2168 | Test 0.0076
Validation loss decreased (0.216774 --> 0.216774).  Saving model ...
  Ep 2: Train 0.1992 | Val 0.1981 | Test 0.0070
Validation loss decreased (0.198095 --> 0.198095).  Saving model ...
  Ep 3: Train 0.1965 | Val 0.1795 | Test 0.0107
Validation loss decreased (0.179503 --> 0.179503).  Saving model ...
  Ep 4: Train 0.1780 | Val 0.1777 | Test 0.0074
Validation loss decreased (0.177659 --> 0.177659).  Saving model ...
  Ep 5: Train 0.1758 | Val 0.1817 | Test 0.0077
EarlyStopping counter: 1 out of 10
  Ep 6: Train 0.1716 | Val 0.2190 | Test 0.0084
EarlyStopping counter: 2 out of 10
  Ep 7: Train 0.1736 | Val 0.1843 | Test 0.0061
EarlyStopping counter: 3 out of 10
  Ep 8: Train 0.1705 | Val 0.1825 | Test 0.0091
EarlyStopping counter: 4 out of 10
  Ep 9: Train 0.1642 | Val 0.1713 | Test 0.0067
Validation loss decreased (0.171327 --> 0.171327).  Saving model ...
  Ep 10: Train 0.1696 | Val 0.1630 | Test 0.0047
Validation loss decreased (0.162998 --> 0.162998).  Saving model ...
  Ep 11: Train 0.1673 | Val 0.1939 | Test 0.0089
EarlyStopping counter: 1 out of 10
  Ep 12: Train 0.1622 | Val 0.1748 | Test 0.0071
EarlyStopping counter: 2 out of 10
  Ep 13: Train 0.1657 | Val 0.1611 | Test 0.0100
Validation loss decreased (0.161105 --> 0.161105).  Saving model ...
  Ep 14: Train 0.1611 | Val 0.1582 | Test 0.0112
Validation loss decreased (0.158230 --> 0.158230).  Saving model ...
  Ep 15: Train 0.1611 | Val 0.1685 | Test 0.0069
EarlyStopping counter: 1 out of 10
  Ep 16: Train 0.1610 | Val 0.1780 | Test 0.0064
EarlyStopping counter: 2 out of 10
  Ep 17: Train 0.1521 | Val 0.1511 | Test 0.0101
Validation loss decreased (0.151123 --> 0.151123).  Saving model ...
  Ep 18: Train 0.1589 | Val 0.1693 | Test 0.0089
EarlyStopping counter: 1 out of 10
  Ep 19: Train 0.1585 | Val 0.1457 | Test 0.0074
Validation loss decreased (0.145655 --> 0.145655).  Saving model ...
  Ep 20: Train 0.1583 | Val 0.1638 | Test 0.0092
EarlyStopping counter: 1 out of 10
  Ep 21: Train 0.1572 | Val 0.1479 | Test 0.0090
EarlyStopping counter: 2 out of 10
  Ep 22: Train 0.1548 | Val 0.1280 | Test 0.0077
Validation loss decreased (0.127996 --> 0.127996).  Saving model ...
  Ep 23: Train 0.1557 | Val 0.1617 | Test 0.0082
EarlyStopping counter: 1 out of 10
  Ep 24: Train 0.1565 | Val 0.1495 | Test 0.0085
EarlyStopping counter: 2 out of 10
  Ep 25: Train 0.1538 | Val 0.1683 | Test 0.0079
EarlyStopping counter: 3 out of 10
  Ep 26: Train 0.1529 | Val 0.1123 | Test 0.0089
Validation loss decreased (0.112302 --> 0.112302).  Saving model ...
  Ep 27: Train 0.1517 | Val 0.1477 | Test 0.0075
EarlyStopping counter: 1 out of 10
  Ep 28: Train 0.1548 | Val 0.1558 | Test 0.0093
EarlyStopping counter: 2 out of 10
  Ep 29: Train 0.1552 | Val 0.1714 | Test 0.0091
EarlyStopping counter: 3 out of 10
  Ep 30: Train 0.1479 | Val 0.1396 | Test 0.0073
EarlyStopping counter: 4 out of 10
  Ep 31: Train 0.1480 | Val 0.1787 | Test 0.0075
EarlyStopping counter: 5 out of 10
  Ep 32: Train 0.1518 | Val 0.0941 | Test 0.0094
Validation loss decreased (0.094144 --> 0.094144).  Saving model ...
  Ep 33: Train 0.1501 | Val 0.1462 | Test 0.0080
EarlyStopping counter: 1 out of 10
  Ep 34: Train 0.1485 | Val 0.1294 | Test 0.0119
EarlyStopping counter: 2 out of 10
  Ep 35: Train 0.1433 | Val 0.1324 | Test 0.0118
EarlyStopping counter: 3 out of 10
  Ep 36: Train 0.1494 | Val 0.1837 | Test 0.0087
EarlyStopping counter: 4 out of 10
  Ep 37: Train 0.1485 | Val 0.1409 | Test 0.0059
EarlyStopping counter: 5 out of 10
  Ep 38: Train 0.1433 | Val 0.1823 | Test 0.0087
EarlyStopping counter: 6 out of 10
  Ep 39: Train 0.1409 | Val 0.1403 | Test 0.0107
EarlyStopping counter: 7 out of 10
  Ep 40: Train 0.1475 | Val -0.0034 | Test 0.0143
Validation loss decreased (-0.003395 --> -0.003395).  Saving model ...
  Ep 41: Train 0.1440 | Val 0.1491 | Test 0.0081
EarlyStopping counter: 1 out of 10
  Ep 42: Train 0.1378 | Val 0.1037 | Test 0.0157
EarlyStopping counter: 2 out of 10
  Ep 43: Train 0.1503 | Val 0.0714 | Test 0.0113
EarlyStopping counter: 3 out of 10
  Ep 44: Train 0.1414 | Val 0.1055 | Test 0.0097
EarlyStopping counter: 4 out of 10
  Ep 45: Train 0.1411 | Val 0.2506 | Test 0.0122
EarlyStopping counter: 5 out of 10
  Ep 46: Train 0.1380 | Val 0.1359 | Test 0.0103
EarlyStopping counter: 6 out of 10
  Ep 47: Train 0.1374 | Val 0.0826 | Test 0.0068
EarlyStopping counter: 7 out of 10
  Ep 48: Train 0.1320 | Val 0.1928 | Test 0.0120
EarlyStopping counter: 8 out of 10
  Ep 49: Train 0.1370 | Val 0.1372 | Test 0.0128
EarlyStopping counter: 9 out of 10
  Ep 50: Train 0.1349 | Val 0.1524 | Test 0.0080
EarlyStopping counter: 10 out of 10
Early stopping triggered!
/home/sangukchoi/Stroke_SDA/sda_training.py:616: FutureWarning: You are using `torch.load` with `weights_only=False` (the current default value), which uses the default pickle module implicitly. It is possible to construct malicious pickle data which will execute arbitrary code during unpickling (See https://github.com/pytorch/pytorch/blob/main/SECURITY.md#untrusted-models for more details). In a future release, the default value for `weights_only` will be flipped to `True`. This limits the functions that could be executed during unpickling. Arbitrary objects will no longer be allowed to be loaded via this mode unless they are explicitly allowlisted by the user via `torch.serialization.add_safe_globals`. We recommend you start setting `weights_only=True` for any use case where you don't have full control of the loaded file. Please open an issue on GitHub for any issues related to this experimental feature.
  model.load_state_dict(torch.load(os.path.join(out_dir, 'best_model.pth')))
Final Test MSE (Best Model): 0.0143
Skipping Fold 2 due to max_folds limit.
Skipping Fold 3 due to max_folds limit.

--- Mode: TO ---

[Fold 1 - TO] Train: ['S007_T006', 'S007_T009'], Test: S007_T005, Norm: independent
/home/sangukchoi/.conda/envs/torch_gpu/lib/python3.10/site-packages/torch/nn/modules/rnn.py:123: UserWarning: dropout option adds dropout after all but last recurrent layer, so non-zero dropout expects num_layers greater than 1, but got dropout=0.3 and num_layers=1
  warnings.warn(
  Ep 1: Train 0.5330 | Val 0.4821 | Test 0.4705
Validation loss decreased (0.482058 --> 0.482058).  Saving model ...
  Ep 2: Train 0.4440 | Val 0.4005 | Test 0.3844
Validation loss decreased (0.400455 --> 0.400455).  Saving model ...
  Ep 3: Train 0.3829 | Val 0.3337 | Test 0.3142
Validation loss decreased (0.333660 --> 0.333660).  Saving model ...
  Ep 4: Train 0.3175 | Val 0.2768 | Test 0.2569
Validation loss decreased (0.276763 --> 0.276763).  Saving model ...
  Ep 5: Train 0.2715 | Val 0.2289 | Test 0.2111
Validation loss decreased (0.228893 --> 0.228893).  Saving model ...
  Ep 6: Train 0.2339 | Val 0.1901 | Test 0.1749
Validation loss decreased (0.190092 --> 0.190092).  Saving model ...
  Ep 7: Train 0.1988 | Val 0.1587 | Test 0.1470
Validation loss decreased (0.158739 --> 0.158739).  Saving model ...
  Ep 8: Train 0.1755 | Val 0.1347 | Test 0.1264
Validation loss decreased (0.134685 --> 0.134685).  Saving model ...
  Ep 9: Train 0.1483 | Val 0.1171 | Test 0.1119
Validation loss decreased (0.117144 --> 0.117144).  Saving model ...
  Ep 10: Train 0.1339 | Val 0.1048 | Test 0.1016
Validation loss decreased (0.104818 --> 0.104818).  Saving model ...
  Ep 11: Train 0.1175 | Val 0.0963 | Test 0.0946
Validation loss decreased (0.096340 --> 0.096340).  Saving model ...
  Ep 12: Train 0.1143 | Val 0.0908 | Test 0.0894
Validation loss decreased (0.090794 --> 0.090794).  Saving model ...
  Ep 13: Train 0.1038 | Val 0.0865 | Test 0.0852
Validation loss decreased (0.086517 --> 0.086517).  Saving model ...
  Ep 14: Train 0.0868 | Val 0.0828 | Test 0.0809
Validation loss decreased (0.082808 --> 0.082808).  Saving model ...
  Ep 15: Train 0.0880 | Val 0.0794 | Test 0.0764
Validation loss decreased (0.079389 --> 0.079389).  Saving model ...
  Ep 16: Train 0.0800 | Val 0.0751 | Test 0.0713
Validation loss decreased (0.075062 --> 0.075062).  Saving model ...
  Ep 17: Train 0.0710 | Val 0.0706 | Test 0.0661
Validation loss decreased (0.070564 --> 0.070564).  Saving model ...
  Ep 18: Train 0.0658 | Val 0.0660 | Test 0.0613
Validation loss decreased (0.065989 --> 0.065989).  Saving model ...
  Ep 19: Train 0.0611 | Val 0.0613 | Test 0.0565
Validation loss decreased (0.061339 --> 0.061339).  Saving model ...
  Ep 20: Train 0.0540 | Val 0.0566 | Test 0.0522
Validation loss decreased (0.056620 --> 0.056620).  Saving model ...
  Ep 21: Train 0.0520 | Val 0.0518 | Test 0.0476
Validation loss decreased (0.051788 --> 0.051788).  Saving model ...
  Ep 22: Train 0.0432 | Val 0.0472 | Test 0.0435
Validation loss decreased (0.047248 --> 0.047248).  Saving model ...
  Ep 23: Train 0.0412 | Val 0.0435 | Test 0.0398
Validation loss decreased (0.043480 --> 0.043480).  Saving model ...
  Ep 24: Train 0.0367 | Val 0.0402 | Test 0.0367
Validation loss decreased (0.040158 --> 0.040158).  Saving model ...
  Ep 25: Train 0.0322 | Val 0.0378 | Test 0.0340
Validation loss decreased (0.037768 --> 0.037768).  Saving model ...
  Ep 26: Train 0.0309 | Val 0.0363 | Test 0.0321
Validation loss decreased (0.036321 --> 0.036321).  Saving model ...
  Ep 27: Train 0.0319 | Val 0.0349 | Test 0.0310
Validation loss decreased (0.034911 --> 0.034911).  Saving model ...
  Ep 28: Train 0.0281 | Val 0.0334 | Test 0.0304
Validation loss decreased (0.033368 --> 0.033368).  Saving model ...
  Ep 29: Train 0.0274 | Val 0.0321 | Test 0.0300
Validation loss decreased (0.032132 --> 0.032132).  Saving model ...
  Ep 30: Train 0.0268 | Val 0.0311 | Test 0.0294
Validation loss decreased (0.031099 --> 0.031099).  Saving model ...
  Ep 31: Train 0.0266 | Val 0.0303 | Test 0.0287
Validation loss decreased (0.030275 --> 0.030275).  Saving model ...
  Ep 32: Train 0.0256 | Val 0.0296 | Test 0.0279
Validation loss decreased (0.029580 --> 0.029580).  Saving model ...
  Ep 33: Train 0.0243 | Val 0.0287 | Test 0.0274
Validation loss decreased (0.028684 --> 0.028684).  Saving model ...
  Ep 34: Train 0.0219 | Val 0.0275 | Test 0.0268
Validation loss decreased (0.027515 --> 0.027515).  Saving model ...
  Ep 35: Train 0.0208 | Val 0.0267 | Test 0.0260
Validation loss decreased (0.026661 --> 0.026661).  Saving model ...
  Ep 36: Train 0.0207 | Val 0.0259 | Test 0.0252
Validation loss decreased (0.025915 --> 0.025915).  Saving model ...
  Ep 37: Train 0.0217 | Val 0.0254 | Test 0.0244
Validation loss decreased (0.025437 --> 0.025437).  Saving model ...
  Ep 38: Train 0.0194 | Val 0.0250 | Test 0.0240
Validation loss decreased (0.025017 --> 0.025017).  Saving model ...
  Ep 39: Train 0.0172 | Val 0.0246 | Test 0.0235
Validation loss decreased (0.024590 --> 0.024590).  Saving model ...
  Ep 40: Train 0.0180 | Val 0.0238 | Test 0.0228
Validation loss decreased (0.023817 --> 0.023817).  Saving model ...
  Ep 41: Train 0.0172 | Val 0.0232 | Test 0.0215
Validation loss decreased (0.023224 --> 0.023224).  Saving model ...
  Ep 42: Train 0.0170 | Val 0.0228 | Test 0.0207
Validation loss decreased (0.022795 --> 0.022795).  Saving model ...
  Ep 43: Train 0.0178 | Val 0.0223 | Test 0.0205
Validation loss decreased (0.022336 --> 0.022336).  Saving model ...
  Ep 44: Train 0.0156 | Val 0.0219 | Test 0.0200
Validation loss decreased (0.021911 --> 0.021911).  Saving model ...
  Ep 45: Train 0.0143 | Val 0.0217 | Test 0.0198
Validation loss decreased (0.021738 --> 0.021738).  Saving model ...
  Ep 46: Train 0.0154 | Val 0.0215 | Test 0.0192
Validation loss decreased (0.021451 --> 0.021451).  Saving model ...
  Ep 47: Train 0.0140 | Val 0.0209 | Test 0.0189
Validation loss decreased (0.020939 --> 0.020939).  Saving model ...
  Ep 48: Train 0.0143 | Val 0.0206 | Test 0.0187
Validation loss decreased (0.020626 --> 0.020626).  Saving model ...
  Ep 49: Train 0.0141 | Val 0.0202 | Test 0.0185
Validation loss decreased (0.020164 --> 0.020164).  Saving model ...
  Ep 50: Train 0.0136 | Val 0.0200 | Test 0.0180
Validation loss decreased (0.019969 --> 0.019969).  Saving model ...
/home/sangukchoi/Stroke_SDA/sda_training.py:616: FutureWarning: You are using `torch.load` with `weights_only=False` (the current default value), which uses the default pickle module implicitly. It is possible to construct malicious pickle data which will execute arbitrary code during unpickling (See https://github.com/pytorch/pytorch/blob/main/SECURITY.md#untrusted-models for more details). In a future release, the default value for `weights_only` will be flipped to `True`. This limits the functions that could be executed during unpickling. Arbitrary objects will no longer be allowed to be loaded via this mode unless they are explicitly allowlisted by the user via `torch.serialization.add_safe_globals`. We recommend you start setting `weights_only=True` for any use case where you don't have full control of the loaded file. Please open an issue on GitHub for any issues related to this experimental feature.
  model.load_state_dict(torch.load(os.path.join(out_dir, 'best_model.pth')))
Final Test MSE (Best Model): 0.0180
Skipping Fold 2 due to max_folds limit.
Skipping Fold 3 due to max_folds limit.

--- Mode: SO ---

[Fold 1 - SO] Train: ['S007_T006', 'S007_T009'], Test: S007_T005, Norm: fixed
/home/sangukchoi/.conda/envs/torch_gpu/lib/python3.10/site-packages/torch/nn/modules/rnn.py:123: UserWarning: dropout option adds dropout after all but last recurrent layer, so non-zero dropout expects num_layers greater than 1, but got dropout=0.3 and num_layers=1
  warnings.warn(
  Ep 1: Train 0.0507 | Val 0.0181 | Test 0.1153
Validation loss decreased (0.018068 --> 0.018068).  Saving model ...
  Ep 2: Train 0.0169 | Val 0.0140 | Test 0.1049
Validation loss decreased (0.013978 --> 0.013978).  Saving model ...
  Ep 3: Train 0.0136 | Val 0.0116 | Test 0.1556
Validation loss decreased (0.011618 --> 0.011618).  Saving model ...
  Ep 4: Train 0.0120 | Val 0.0106 | Test 0.1324
Validation loss decreased (0.010576 --> 0.010576).  Saving model ...
  Ep 5: Train 0.0108 | Val 0.0093 | Test 0.1375
Validation loss decreased (0.009289 --> 0.009289).  Saving model ...
  Ep 6: Train 0.0098 | Val 0.0089 | Test 0.1965
Validation loss decreased (0.008875 --> 0.008875).  Saving model ...
  Ep 7: Train 0.0091 | Val 0.0082 | Test 0.1338
Validation loss decreased (0.008215 --> 0.008215).  Saving model ...
  Ep 8: Train 0.0085 | Val 0.0076 | Test 0.1124
Validation loss decreased (0.007619 --> 0.007619).  Saving model ...
  Ep 9: Train 0.0081 | Val 0.0078 | Test 0.1546
EarlyStopping counter: 1 out of 10
  Ep 10: Train 0.0077 | Val 0.0081 | Test 0.1214
EarlyStopping counter: 2 out of 10
  Ep 11: Train 0.0074 | Val 0.0067 | Test 0.1472
Validation loss decreased (0.006676 --> 0.006676).  Saving model ...
  Ep 12: Train 0.0072 | Val 0.0068 | Test 0.1317
EarlyStopping counter: 1 out of 10
  Ep 13: Train 0.0068 | Val 0.0062 | Test 0.1270
Validation loss decreased (0.006182 --> 0.006182).  Saving model ...
  Ep 14: Train 0.0066 | Val 0.0063 | Test 0.1397
EarlyStopping counter: 1 out of 10
  Ep 15: Train 0.0063 | Val 0.0058 | Test 0.1573
Validation loss decreased (0.005800 --> 0.005800).  Saving model ...
  Ep 16: Train 0.0063 | Val 0.0059 | Test 0.2622
EarlyStopping counter: 1 out of 10
  Ep 17: Train 0.0060 | Val 0.0058 | Test 0.2225
EarlyStopping counter: 2 out of 10
  Ep 18: Train 0.0058 | Val 0.0055 | Test 0.2374
Validation loss decreased (0.005539 --> 0.005539).  Saving model ...
  Ep 19: Train 0.0056 | Val 0.0056 | Test 0.2463
EarlyStopping counter: 1 out of 10
  Ep 20: Train 0.0056 | Val 0.0053 | Test 0.2294
Validation loss decreased (0.005262 --> 0.005262).  Saving model ...
  Ep 21: Train 0.0054 | Val 0.0057 | Test 0.2564
EarlyStopping counter: 1 out of 10
  Ep 22: Train 0.0053 | Val 0.0051 | Test 0.2429
Validation loss decreased (0.005051 --> 0.005051).  Saving model ...
  Ep 23: Train 0.0051 | Val 0.0051 | Test 0.2439
EarlyStopping counter: 1 out of 10
  Ep 24: Train 0.0051 | Val 0.0050 | Test 0.3151
EarlyStopping counter: 2 out of 10
  Ep 25: Train 0.0049 | Val 0.0049 | Test 0.2357
Validation loss decreased (0.004890 --> 0.004890).  Saving model ...
  Ep 26: Train 0.0048 | Val 0.0047 | Test 0.2838
Validation loss decreased (0.004721 --> 0.004721).  Saving model ...
  Ep 27: Train 0.0046 | Val 0.0048 | Test 0.2341
EarlyStopping counter: 1 out of 10
  Ep 28: Train 0.0045 | Val 0.0045 | Test 0.2918
Validation loss decreased (0.004487 --> 0.004487).  Saving model ...
  Ep 29: Train 0.0044 | Val 0.0045 | Test 0.2792
EarlyStopping counter: 1 out of 10
  Ep 30: Train 0.0044 | Val 0.0049 | Test 0.2780
EarlyStopping counter: 2 out of 10
  Ep 31: Train 0.0043 | Val 0.0043 | Test 0.2324
Validation loss decreased (0.004264 --> 0.004264).  Saving model ...
  Ep 32: Train 0.0042 | Val 0.0042 | Test 0.3112
EarlyStopping counter: 1 out of 10
  Ep 33: Train 0.0041 | Val 0.0043 | Test 0.2388
EarlyStopping counter: 2 out of 10
  Ep 34: Train 0.0040 | Val 0.0040 | Test 0.3071
Validation loss decreased (0.003969 --> 0.003969).  Saving model ...
  Ep 35: Train 0.0040 | Val 0.0042 | Test 0.2422
EarlyStopping counter: 1 out of 10
  Ep 36: Train 0.0038 | Val 0.0040 | Test 0.2410
EarlyStopping counter: 2 out of 10
  Ep 37: Train 0.0037 | Val 0.0040 | Test 0.2851
EarlyStopping counter: 3 out of 10
  Ep 38: Train 0.0036 | Val 0.0040 | Test 0.2866
EarlyStopping counter: 4 out of 10
  Ep 39: Train 0.0036 | Val 0.0038 | Test 0.1929
Validation loss decreased (0.003830 --> 0.003830).  Saving model ...
  Ep 40: Train 0.0035 | Val 0.0042 | Test 0.2515
EarlyStopping counter: 1 out of 10
  Ep 41: Train 0.0034 | Val 0.0037 | Test 0.2180
Validation loss decreased (0.003655 --> 0.003655).  Saving model ...
  Ep 42: Train 0.0033 | Val 0.0036 | Test 0.2349
EarlyStopping counter: 1 out of 10
  Ep 43: Train 0.0032 | Val 0.0036 | Test 0.2263
EarlyStopping counter: 2 out of 10
  Ep 44: Train 0.0032 | Val 0.0037 | Test 0.2380
EarlyStopping counter: 3 out of 10
  Ep 45: Train 0.0031 | Val 0.0034 | Test 0.2089
Validation loss decreased (0.003446 --> 0.003446).  Saving model ...
  Ep 46: Train 0.0030 | Val 0.0034 | Test 0.2324
EarlyStopping counter: 1 out of 10
  Ep 47: Train 0.0030 | Val 0.0034 | Test 0.2188
EarlyStopping counter: 2 out of 10
  Ep 48: Train 0.0030 | Val 0.0033 | Test 0.2207
Validation loss decreased (0.003329 --> 0.003329).  Saving model ...
  Ep 49: Train 0.0028 | Val 0.0033 | Test 0.2141
EarlyStopping counter: 1 out of 10
  Ep 50: Train 0.0028 | Val 0.0033 | Test 0.2188
EarlyStopping counter: 2 out of 10
/home/sangukchoi/Stroke_SDA/sda_training.py:616: FutureWarning: You are using `torch.load` with `weights_only=False` (the current default value), which uses the default pickle module implicitly. It is possible to construct malicious pickle data which will execute arbitrary code during unpickling (See https://github.com/pytorch/pytorch/blob/main/SECURITY.md#untrusted-models for more details). In a future release, the default value for `weights_only` will be flipped to `True`. This limits the functions that could be executed during unpickling. Arbitrary objects will no longer be allowed to be loaded via this mode unless they are explicitly allowlisted by the user via `torch.serialization.add_safe_globals`. We recommend you start setting `weights_only=True` for any use case where you don't have full control of the loaded file. Please open an issue on GitHub for any issues related to this experimental feature.
  model.load_state_dict(torch.load(os.path.join(out_dir, 'best_model.pth')))
Final Test MSE (Best Model): 0.2207
Skipping Fold 2 due to max_folds limit.
Skipping Fold 3 due to max_folds limit.

--- Mode: TL ---

[Fold 1 - TL] Train: ['S007_T006', 'S007_T009'], Test: S007_T005, Norm: fixed
/home/sangukchoi/.conda/envs/torch_gpu/lib/python3.10/site-packages/torch/nn/modules/rnn.py:123: UserWarning: dropout option adds dropout after all but last recurrent layer, so non-zero dropout expects num_layers greater than 1, but got dropout=0.3 and num_layers=1
  warnings.warn(
  [TL] Loading Pre-trained SO Model from: results_final_rank3/S007/Fold_1_S007_T005_SO_frac1.0/best_model.pth
/home/sangukchoi/Stroke_SDA/sda_training.py:399: FutureWarning: You are using `torch.load` with `weights_only=False` (the current default value), which uses the default pickle module implicitly. It is possible to construct malicious pickle data which will execute arbitrary code during unpickling (See https://github.com/pytorch/pytorch/blob/main/SECURITY.md#untrusted-models for more details). In a future release, the default value for `weights_only` will be flipped to `True`. This limits the functions that could be executed during unpickling. Arbitrary objects will no longer be allowed to be loaded via this mode unless they are explicitly allowlisted by the user via `torch.serialization.add_safe_globals`. We recommend you start setting `weights_only=True` for any use case where you don't have full control of the loaded file. Please open an issue on GitHub for any issues related to this experimental feature.
  checkpoint = torch.load(so_path)
  [TL] Freezing Encoder and initializing Decoder Tgt...
  Ep 1: Train 0.2987 | Val 0.2462 | Test 0.2093
Validation loss decreased (0.246158 --> 0.246158).  Saving model ...
  Ep 2: Train 0.2662 | Val 0.2321 | Test 0.1986
Validation loss decreased (0.232058 --> 0.232058).  Saving model ...
  Ep 3: Train 0.2597 | Val 0.2189 | Test 0.1885
Validation loss decreased (0.218855 --> 0.218855).  Saving model ...
  Ep 4: Train 0.2524 | Val 0.2063 | Test 0.1790
Validation loss decreased (0.206312 --> 0.206312).  Saving model ...
  Ep 5: Train 0.2412 | Val 0.1945 | Test 0.1699
Validation loss decreased (0.194539 --> 0.194539).  Saving model ...
  Ep 6: Train 0.2161 | Val 0.1838 | Test 0.1617
Validation loss decreased (0.183754 --> 0.183754).  Saving model ...
  Ep 7: Train 0.2039 | Val 0.1739 | Test 0.1539
Validation loss decreased (0.173928 --> 0.173928).  Saving model ...
  Ep 8: Train 0.2004 | Val 0.1649 | Test 0.1466
Validation loss decreased (0.164852 --> 0.164852).  Saving model ...
  Ep 9: Train 0.1907 | Val 0.1565 | Test 0.1398
Validation loss decreased (0.156471 --> 0.156471).  Saving model ...
  Ep 10: Train 0.1823 | Val 0.1486 | Test 0.1334
Validation loss decreased (0.148573 --> 0.148573).  Saving model ...
  Ep 11: Train 0.1819 | Val 0.1411 | Test 0.1273
Validation loss decreased (0.141110 --> 0.141110).  Saving model ...
  Ep 12: Train 0.1636 | Val 0.1342 | Test 0.1216
Validation loss decreased (0.134227 --> 0.134227).  Saving model ...
  Ep 13: Train 0.1659 | Val 0.1277 | Test 0.1162
Validation loss decreased (0.127688 --> 0.127688).  Saving model ...
  Ep 14: Train 0.1474 | Val 0.1216 | Test 0.1110
Validation loss decreased (0.121646 --> 0.121646).  Saving model ...
  Ep 15: Train 0.1430 | Val 0.1160 | Test 0.1061
Validation loss decreased (0.115969 --> 0.115969).  Saving model ...
  Ep 16: Train 0.1343 | Val 0.1106 | Test 0.1015
Validation loss decreased (0.110583 --> 0.110583).  Saving model ...
  Ep 17: Train 0.1304 | Val 0.1055 | Test 0.0970
Validation loss decreased (0.105471 --> 0.105471).  Saving model ...
  Ep 18: Train 0.1271 | Val 0.1006 | Test 0.0926
Validation loss decreased (0.100584 --> 0.100584).  Saving model ...
  Ep 19: Train 0.1198 | Val 0.0960 | Test 0.0885
Validation loss decreased (0.095970 --> 0.095970).  Saving model ...
  Ep 20: Train 0.1122 | Val 0.0916 | Test 0.0845
Validation loss decreased (0.091550 --> 0.091550).  Saving model ...
  Ep 21: Train 0.1098 | Val 0.0873 | Test 0.0807
Validation loss decreased (0.087342 --> 0.087342).  Saving model ...
  Ep 22: Train 0.1032 | Val 0.0833 | Test 0.0769
Validation loss decreased (0.083303 --> 0.083303).  Saving model ...
  Ep 23: Train 0.1038 | Val 0.0794 | Test 0.0733
Validation loss decreased (0.079414 --> 0.079414).  Saving model ...
  Ep 24: Train 0.0894 | Val 0.0757 | Test 0.0699
Validation loss decreased (0.075742 --> 0.075742).  Saving model ...
  Ep 25: Train 0.0885 | Val 0.0722 | Test 0.0666
Validation loss decreased (0.072216 --> 0.072216).  Saving model ...
  Ep 26: Train 0.0884 | Val 0.0689 | Test 0.0635
Validation loss decreased (0.068868 --> 0.068868).  Saving model ...
  Ep 27: Train 0.0837 | Val 0.0657 | Test 0.0605
Validation loss decreased (0.065679 --> 0.065679).  Saving model ...
  Ep 28: Train 0.0782 | Val 0.0627 | Test 0.0578
Validation loss decreased (0.062654 --> 0.062654).  Saving model ...
  Ep 29: Train 0.0732 | Val 0.0598 | Test 0.0551
Validation loss decreased (0.059769 --> 0.059769).  Saving model ...
  Ep 30: Train 0.0736 | Val 0.0570 | Test 0.0525
Validation loss decreased (0.057049 --> 0.057049).  Saving model ...
  Ep 31: Train 0.0685 | Val 0.0545 | Test 0.0500
Validation loss decreased (0.054453 --> 0.054453).  Saving model ...
  Ep 32: Train 0.0657 | Val 0.0520 | Test 0.0478
Validation loss decreased (0.051979 --> 0.051979).  Saving model ...
  Ep 33: Train 0.0609 | Val 0.0496 | Test 0.0456
Validation loss decreased (0.049634 --> 0.049634).  Saving model ...
  Ep 34: Train 0.0598 | Val 0.0474 | Test 0.0437
Validation loss decreased (0.047425 --> 0.047425).  Saving model ...
  Ep 35: Train 0.0558 | Val 0.0453 | Test 0.0418
Validation loss decreased (0.045311 --> 0.045311).  Saving model ...
  Ep 36: Train 0.0490 | Val 0.0434 | Test 0.0400
Validation loss decreased (0.043350 --> 0.043350).  Saving model ...
  Ep 37: Train 0.0516 | Val 0.0416 | Test 0.0384
Validation loss decreased (0.041566 --> 0.041566).  Saving model ...
  Ep 38: Train 0.0497 | Val 0.0399 | Test 0.0369
Validation loss decreased (0.039909 --> 0.039909).  Saving model ...
  Ep 39: Train 0.0466 | Val 0.0383 | Test 0.0355
Validation loss decreased (0.038333 --> 0.038333).  Saving model ...
  Ep 40: Train 0.0423 | Val 0.0369 | Test 0.0341
Validation loss decreased (0.036862 --> 0.036862).  Saving model ...
  Ep 41: Train 0.0431 | Val 0.0355 | Test 0.0329
Validation loss decreased (0.035514 --> 0.035514).  Saving model ...
  Ep 42: Train 0.0435 | Val 0.0343 | Test 0.0317
Validation loss decreased (0.034278 --> 0.034278).  Saving model ...
  Ep 43: Train 0.0362 | Val 0.0331 | Test 0.0306
Validation loss decreased (0.033146 --> 0.033146).  Saving model ...
  Ep 44: Train 0.0394 | Val 0.0321 | Test 0.0297
Validation loss decreased (0.032116 --> 0.032116).  Saving model ...
  Ep 45: Train 0.0378 | Val 0.0311 | Test 0.0287
Validation loss decreased (0.031116 --> 0.031116).  Saving model ...
  Ep 46: Train 0.0367 | Val 0.0302 | Test 0.0278
Validation loss decreased (0.030228 --> 0.030228).  Saving model ...
  Ep 47: Train 0.0345 | Val 0.0294 | Test 0.0271
Validation loss decreased (0.029431 --> 0.029431).  Saving model ...
  Ep 48: Train 0.0346 | Val 0.0287 | Test 0.0264
Validation loss decreased (0.028714 --> 0.028714).  Saving model ...
  Ep 49: Train 0.0314 | Val 0.0281 | Test 0.0257
Validation loss decreased (0.028061 --> 0.028061).  Saving model ...
  Ep 50: Train 0.0335 | Val 0.0275 | Test 0.0252
Validation loss decreased (0.027483 --> 0.027483).  Saving model ...
/home/sangukchoi/Stroke_SDA/sda_training.py:616: FutureWarning: You are using `torch.load` with `weights_only=False` (the current default value), which uses the default pickle module implicitly. It is possible to construct malicious pickle data which will execute arbitrary code during unpickling (See https://github.com/pytorch/pytorch/blob/main/SECURITY.md#untrusted-models for more details). In a future release, the default value for `weights_only` will be flipped to `True`. This limits the functions that could be executed during unpickling. Arbitrary objects will no longer be allowed to be loaded via this mode unless they are explicitly allowlisted by the user via `torch.serialization.add_safe_globals`. We recommend you start setting `weights_only=True` for any use case where you don't have full control of the loaded file. Please open an issue on GitHub for any issues related to this experimental feature.
  model.load_state_dict(torch.load(os.path.join(out_dir, 'best_model.pth')))
Final Test MSE (Best Model): 0.0252
Skipping Fold 2 due to max_folds limit.
Skipping Fold 3 due to max_folds limit.


================================================
Processing Target Subject: S008
================================================
Trials: ['S008_T001', 'S008_T004', 'S008_T006']

--- Mode: SDA ---

[Fold 1 - SDA] Train: ['S008_T004', 'S008_T006'], Test: S008_T001, Norm: fixed
/home/sangukchoi/.conda/envs/torch_gpu/lib/python3.10/site-packages/torch/nn/modules/rnn.py:123: UserWarning: dropout option adds dropout after all but last recurrent layer, so non-zero dropout expects num_layers greater than 1, but got dropout=0.3 and num_layers=1
  warnings.warn(
  Ep 1: Train 0.3713 | Val 0.2430 | Test 0.0234
Validation loss decreased (0.242957 --> 0.242957).  Saving model ...
  Ep 2: Train 0.2391 | Val 0.2083 | Test 0.0255
Validation loss decreased (0.208307 --> 0.208307).  Saving model ...
  Ep 3: Train 0.2214 | Val 0.1979 | Test 0.0365
Validation loss decreased (0.197880 --> 0.197880).  Saving model ...
  Ep 4: Train 0.2150 | Val 0.2476 | Test 0.0294
EarlyStopping counter: 1 out of 10
  Ep 5: Train 0.2102 | Val 0.1943 | Test 0.0209
Validation loss decreased (0.194252 --> 0.194252).  Saving model ...
  Ep 6: Train 0.2119 | Val 0.2031 | Test 0.0299
EarlyStopping counter: 1 out of 10
  Ep 7: Train 0.1981 | Val 0.2106 | Test 0.0302
EarlyStopping counter: 2 out of 10
  Ep 8: Train 0.1982 | Val 0.2258 | Test 0.0269
EarlyStopping counter: 3 out of 10
  Ep 9: Train 0.1946 | Val 0.2548 | Test 0.0286
EarlyStopping counter: 4 out of 10
  Ep 10: Train 0.1967 | Val 0.2180 | Test 0.0331
EarlyStopping counter: 5 out of 10
  Ep 11: Train 0.1905 | Val 0.1980 | Test 0.0263
EarlyStopping counter: 6 out of 10
  Ep 12: Train 0.1898 | Val 0.2181 | Test 0.0216
EarlyStopping counter: 7 out of 10
  Ep 13: Train 0.1871 | Val 0.2300 | Test 0.0320
EarlyStopping counter: 8 out of 10
  Ep 14: Train 0.1861 | Val 0.2049 | Test 0.0263
EarlyStopping counter: 9 out of 10
  Ep 15: Train 0.1883 | Val 0.2072 | Test 0.0343
EarlyStopping counter: 10 out of 10
Early stopping triggered!
/home/sangukchoi/Stroke_SDA/sda_training.py:616: FutureWarning: You are using `torch.load` with `weights_only=False` (the current default value), which uses the default pickle module implicitly. It is possible to construct malicious pickle data which will execute arbitrary code during unpickling (See https://github.com/pytorch/pytorch/blob/main/SECURITY.md#untrusted-models for more details). In a future release, the default value for `weights_only` will be flipped to `True`. This limits the functions that could be executed during unpickling. Arbitrary objects will no longer be allowed to be loaded via this mode unless they are explicitly allowlisted by the user via `torch.serialization.add_safe_globals`. We recommend you start setting `weights_only=True` for any use case where you don't have full control of the loaded file. Please open an issue on GitHub for any issues related to this experimental feature.
  model.load_state_dict(torch.load(os.path.join(out_dir, 'best_model.pth')))
Final Test MSE (Best Model): 0.0209
Skipping Fold 2 due to max_folds limit.
Skipping Fold 3 due to max_folds limit.

--- Mode: TO ---

[Fold 1 - TO] Train: ['S008_T004', 'S008_T006'], Test: S008_T001, Norm: independent
/home/sangukchoi/.conda/envs/torch_gpu/lib/python3.10/site-packages/torch/nn/modules/rnn.py:123: UserWarning: dropout option adds dropout after all but last recurrent layer, so non-zero dropout expects num_layers greater than 1, but got dropout=0.3 and num_layers=1
  warnings.warn(
  Ep 1: Train 0.5908 | Val 0.4890 | Test 0.5017
Validation loss decreased (0.489032 --> 0.489032).  Saving model ...
  Ep 2: Train 0.4407 | Val 0.3659 | Test 0.3708
Validation loss decreased (0.365931 --> 0.365931).  Saving model ...
  Ep 3: Train 0.3269 | Val 0.2799 | Test 0.2752
Validation loss decreased (0.279871 --> 0.279871).  Saving model ...
  Ep 4: Train 0.2540 | Val 0.2134 | Test 0.1992
Validation loss decreased (0.213386 --> 0.213386).  Saving model ...
  Ep 5: Train 0.1886 | Val 0.1611 | Test 0.1410
Validation loss decreased (0.161128 --> 0.161128).  Saving model ...
  Ep 6: Train 0.1439 | Val 0.1240 | Test 0.1000
Validation loss decreased (0.123959 --> 0.123959).  Saving model ...
  Ep 7: Train 0.1153 | Val 0.1005 | Test 0.0741
Validation loss decreased (0.100542 --> 0.100542).  Saving model ...
  Ep 8: Train 0.0895 | Val 0.0884 | Test 0.0595
Validation loss decreased (0.088366 --> 0.088366).  Saving model ...
  Ep 9: Train 0.0798 | Val 0.0831 | Test 0.0531
Validation loss decreased (0.083103 --> 0.083103).  Saving model ...
  Ep 10: Train 0.0788 | Val 0.0804 | Test 0.0502
Validation loss decreased (0.080360 --> 0.080360).  Saving model ...
  Ep 11: Train 0.0760 | Val 0.0779 | Test 0.0495
Validation loss decreased (0.077945 --> 0.077945).  Saving model ...
  Ep 12: Train 0.0658 | Val 0.0757 | Test 0.0485
Validation loss decreased (0.075724 --> 0.075724).  Saving model ...
  Ep 13: Train 0.0673 | Val 0.0731 | Test 0.0503
Validation loss decreased (0.073112 --> 0.073112).  Saving model ...
  Ep 14: Train 0.0596 | Val 0.0707 | Test 0.0524
Validation loss decreased (0.070685 --> 0.070685).  Saving model ...
  Ep 15: Train 0.0622 | Val 0.0689 | Test 0.0539
Validation loss decreased (0.068882 --> 0.068882).  Saving model ...
  Ep 16: Train 0.0575 | Val 0.0669 | Test 0.0511
Validation loss decreased (0.066885 --> 0.066885).  Saving model ...
  Ep 17: Train 0.0559 | Val 0.0659 | Test 0.0499
Validation loss decreased (0.065943 --> 0.065943).  Saving model ...
  Ep 18: Train 0.0546 | Val 0.0652 | Test 0.0495
Validation loss decreased (0.065217 --> 0.065217).  Saving model ...
  Ep 19: Train 0.0540 | Val 0.0647 | Test 0.0496
Validation loss decreased (0.064742 --> 0.064742).  Saving model ...
  Ep 20: Train 0.0522 | Val 0.0639 | Test 0.0489
Validation loss decreased (0.063888 --> 0.063888).  Saving model ...
  Ep 21: Train 0.0515 | Val 0.0626 | Test 0.0502
Validation loss decreased (0.062590 --> 0.062590).  Saving model ...
  Ep 22: Train 0.0496 | Val 0.0620 | Test 0.0508
Validation loss decreased (0.061997 --> 0.061997).  Saving model ...
  Ep 23: Train 0.0491 | Val 0.0611 | Test 0.0484
Validation loss decreased (0.061095 --> 0.061095).  Saving model ...
  Ep 24: Train 0.0469 | Val 0.0607 | Test 0.0463
Validation loss decreased (0.060698 --> 0.060698).  Saving model ...
  Ep 25: Train 0.0446 | Val 0.0598 | Test 0.0424
Validation loss decreased (0.059806 --> 0.059806).  Saving model ...
  Ep 26: Train 0.0434 | Val 0.0592 | Test 0.0428
Validation loss decreased (0.059152 --> 0.059152).  Saving model ...
  Ep 27: Train 0.0407 | Val 0.0586 | Test 0.0440
Validation loss decreased (0.058604 --> 0.058604).  Saving model ...
  Ep 28: Train 0.0407 | Val 0.0582 | Test 0.0438
Validation loss decreased (0.058210 --> 0.058210).  Saving model ...
  Ep 29: Train 0.0425 | Val 0.0571 | Test 0.0422
Validation loss decreased (0.057094 --> 0.057094).  Saving model ...
  Ep 30: Train 0.0415 | Val 0.0566 | Test 0.0436
Validation loss decreased (0.056579 --> 0.056579).  Saving model ...
  Ep 31: Train 0.0400 | Val 0.0567 | Test 0.0441
EarlyStopping counter: 1 out of 10
  Ep 32: Train 0.0403 | Val 0.0572 | Test 0.0442
EarlyStopping counter: 2 out of 10
  Ep 33: Train 0.0395 | Val 0.0553 | Test 0.0413
Validation loss decreased (0.055278 --> 0.055278).  Saving model ...
  Ep 34: Train 0.0376 | Val 0.0552 | Test 0.0436
Validation loss decreased (0.055150 --> 0.055150).  Saving model ...
  Ep 35: Train 0.0369 | Val 0.0553 | Test 0.0428
EarlyStopping counter: 1 out of 10
  Ep 36: Train 0.0355 | Val 0.0546 | Test 0.0425
Validation loss decreased (0.054566 --> 0.054566).  Saving model ...
  Ep 37: Train 0.0358 | Val 0.0546 | Test 0.0426
EarlyStopping counter: 1 out of 10
  Ep 38: Train 0.0377 | Val 0.0539 | Test 0.0435
Validation loss decreased (0.053884 --> 0.053884).  Saving model ...
  Ep 39: Train 0.0349 | Val 0.0535 | Test 0.0435
Validation loss decreased (0.053495 --> 0.053495).  Saving model ...
  Ep 40: Train 0.0348 | Val 0.0535 | Test 0.0421
EarlyStopping counter: 1 out of 10
  Ep 41: Train 0.0331 | Val 0.0537 | Test 0.0452
EarlyStopping counter: 2 out of 10
  Ep 42: Train 0.0359 | Val 0.0536 | Test 0.0460
EarlyStopping counter: 3 out of 10
  Ep 43: Train 0.0342 | Val 0.0529 | Test 0.0474
Validation loss decreased (0.052875 --> 0.052875).  Saving model ...
  Ep 44: Train 0.0334 | Val 0.0519 | Test 0.0447
Validation loss decreased (0.051921 --> 0.051921).  Saving model ...
  Ep 45: Train 0.0326 | Val 0.0514 | Test 0.0420
Validation loss decreased (0.051357 --> 0.051357).  Saving model ...
  Ep 46: Train 0.0335 | Val 0.0513 | Test 0.0426
EarlyStopping counter: 1 out of 10
  Ep 47: Train 0.0300 | Val 0.0516 | Test 0.0424
EarlyStopping counter: 2 out of 10
  Ep 48: Train 0.0348 | Val 0.0518 | Test 0.0425
EarlyStopping counter: 3 out of 10
  Ep 49: Train 0.0309 | Val 0.0515 | Test 0.0408
EarlyStopping counter: 4 out of 10
  Ep 50: Train 0.0318 | Val 0.0506 | Test 0.0435
Validation loss decreased (0.050550 --> 0.050550).  Saving model ...
/home/sangukchoi/Stroke_SDA/sda_training.py:616: FutureWarning: You are using `torch.load` with `weights_only=False` (the current default value), which uses the default pickle module implicitly. It is possible to construct malicious pickle data which will execute arbitrary code during unpickling (See https://github.com/pytorch/pytorch/blob/main/SECURITY.md#untrusted-models for more details). In a future release, the default value for `weights_only` will be flipped to `True`. This limits the functions that could be executed during unpickling. Arbitrary objects will no longer be allowed to be loaded via this mode unless they are explicitly allowlisted by the user via `torch.serialization.add_safe_globals`. We recommend you start setting `weights_only=True` for any use case where you don't have full control of the loaded file. Please open an issue on GitHub for any issues related to this experimental feature.
  model.load_state_dict(torch.load(os.path.join(out_dir, 'best_model.pth')))
Final Test MSE (Best Model): 0.0435
Skipping Fold 2 due to max_folds limit.
Skipping Fold 3 due to max_folds limit.

--- Mode: SO ---

[Fold 1 - SO] Train: ['S008_T004', 'S008_T006'], Test: S008_T001, Norm: fixed
/home/sangukchoi/.conda/envs/torch_gpu/lib/python3.10/site-packages/torch/nn/modules/rnn.py:123: UserWarning: dropout option adds dropout after all but last recurrent layer, so non-zero dropout expects num_layers greater than 1, but got dropout=0.3 and num_layers=1
  warnings.warn(
  Ep 1: Train 0.0473 | Val 0.0195 | Test 0.6424
Validation loss decreased (0.019546 --> 0.019546).  Saving model ...
  Ep 2: Train 0.0170 | Val 0.0135 | Test 0.7731
Validation loss decreased (0.013543 --> 0.013543).  Saving model ...
  Ep 3: Train 0.0137 | Val 0.0120 | Test 0.7568
Validation loss decreased (0.012005 --> 0.012005).  Saving model ...
  Ep 4: Train 0.0122 | Val 0.0109 | Test 0.9099
Validation loss decreased (0.010879 --> 0.010879).  Saving model ...
  Ep 5: Train 0.0111 | Val 0.0107 | Test 0.7602
Validation loss decreased (0.010684 --> 0.010684).  Saving model ...
  Ep 6: Train 0.0103 | Val 0.0092 | Test 0.8187
Validation loss decreased (0.009166 --> 0.009166).  Saving model ...
  Ep 7: Train 0.0096 | Val 0.0084 | Test 0.8249
Validation loss decreased (0.008423 --> 0.008423).  Saving model ...
  Ep 8: Train 0.0088 | Val 0.0079 | Test 0.8177
Validation loss decreased (0.007931 --> 0.007931).  Saving model ...
  Ep 9: Train 0.0084 | Val 0.0080 | Test 0.5536
EarlyStopping counter: 1 out of 10
  Ep 10: Train 0.0079 | Val 0.0074 | Test 0.8733
Validation loss decreased (0.007361 --> 0.007361).  Saving model ...
  Ep 11: Train 0.0075 | Val 0.0067 | Test 0.6635
Validation loss decreased (0.006741 --> 0.006741).  Saving model ...
  Ep 12: Train 0.0073 | Val 0.0068 | Test 0.8096
EarlyStopping counter: 1 out of 10
  Ep 13: Train 0.0070 | Val 0.0073 | Test 0.6941
EarlyStopping counter: 2 out of 10
  Ep 14: Train 0.0066 | Val 0.0065 | Test 0.6513
Validation loss decreased (0.006463 --> 0.006463).  Saving model ...
  Ep 15: Train 0.0064 | Val 0.0059 | Test 0.6770
Validation loss decreased (0.005889 --> 0.005889).  Saving model ...
  Ep 16: Train 0.0061 | Val 0.0060 | Test 0.7116
EarlyStopping counter: 1 out of 10
  Ep 17: Train 0.0060 | Val 0.0057 | Test 0.7374
Validation loss decreased (0.005736 --> 0.005736).  Saving model ...
  Ep 18: Train 0.0058 | Val 0.0056 | Test 0.7090
EarlyStopping counter: 1 out of 10
  Ep 19: Train 0.0057 | Val 0.0054 | Test 0.7372
Validation loss decreased (0.005395 --> 0.005395).  Saving model ...
  Ep 20: Train 0.0055 | Val 0.0054 | Test 0.8108
EarlyStopping counter: 1 out of 10
  Ep 21: Train 0.0054 | Val 0.0053 | Test 0.8117
Validation loss decreased (0.005290 --> 0.005290).  Saving model ...
  Ep 22: Train 0.0052 | Val 0.0050 | Test 0.7938
Validation loss decreased (0.004989 --> 0.004989).  Saving model ...
  Ep 23: Train 0.0051 | Val 0.0050 | Test 0.7858
EarlyStopping counter: 1 out of 10
  Ep 24: Train 0.0050 | Val 0.0048 | Test 0.7770
Validation loss decreased (0.004789 --> 0.004789).  Saving model ...
  Ep 25: Train 0.0048 | Val 0.0048 | Test 0.7441
EarlyStopping counter: 1 out of 10
  Ep 26: Train 0.0047 | Val 0.0045 | Test 0.7367
Validation loss decreased (0.004525 --> 0.004525).  Saving model ...
  Ep 27: Train 0.0046 | Val 0.0047 | Test 0.7133
EarlyStopping counter: 1 out of 10
  Ep 28: Train 0.0047 | Val 0.0047 | Test 0.7161
EarlyStopping counter: 2 out of 10
  Ep 29: Train 0.0044 | Val 0.0044 | Test 0.8006
EarlyStopping counter: 3 out of 10
  Ep 30: Train 0.0043 | Val 0.0045 | Test 0.7058
EarlyStopping counter: 4 out of 10
  Ep 31: Train 0.0042 | Val 0.0047 | Test 0.6760
EarlyStopping counter: 5 out of 10
  Ep 32: Train 0.0042 | Val 0.0042 | Test 0.6600
Validation loss decreased (0.004246 --> 0.004246).  Saving model ...
  Ep 33: Train 0.0041 | Val 0.0043 | Test 0.7488
EarlyStopping counter: 1 out of 10
  Ep 34: Train 0.0040 | Val 0.0040 | Test 0.7061
Validation loss decreased (0.004013 --> 0.004013).  Saving model ...
  Ep 35: Train 0.0039 | Val 0.0039 | Test 0.8013
Validation loss decreased (0.003906 --> 0.003906).  Saving model ...
  Ep 36: Train 0.0039 | Val 0.0041 | Test 0.6696
EarlyStopping counter: 1 out of 10
  Ep 37: Train 0.0037 | Val 0.0039 | Test 0.7090
EarlyStopping counter: 2 out of 10
  Ep 38: Train 0.0037 | Val 0.0040 | Test 0.6569
EarlyStopping counter: 3 out of 10
  Ep 39: Train 0.0036 | Val 0.0039 | Test 0.7205
EarlyStopping counter: 4 out of 10
  Ep 40: Train 0.0035 | Val 0.0037 | Test 0.6989
Validation loss decreased (0.003682 --> 0.003682).  Saving model ...
  Ep 41: Train 0.0035 | Val 0.0037 | Test 0.6336
EarlyStopping counter: 1 out of 10
  Ep 42: Train 0.0034 | Val 0.0035 | Test 0.7824
Validation loss decreased (0.003527 --> 0.003527).  Saving model ...
  Ep 43: Train 0.0033 | Val 0.0037 | Test 0.6581
EarlyStopping counter: 1 out of 10
  Ep 44: Train 0.0033 | Val 0.0036 | Test 0.7604
EarlyStopping counter: 2 out of 10
  Ep 45: Train 0.0032 | Val 0.0036 | Test 0.6962
EarlyStopping counter: 3 out of 10
  Ep 46: Train 0.0031 | Val 0.0033 | Test 0.7311
Validation loss decreased (0.003316 --> 0.003316).  Saving model ...
  Ep 47: Train 0.0030 | Val 0.0035 | Test 0.7159
EarlyStopping counter: 1 out of 10
  Ep 48: Train 0.0030 | Val 0.0032 | Test 0.6125
EarlyStopping counter: 2 out of 10
  Ep 49: Train 0.0029 | Val 0.0034 | Test 0.6434
EarlyStopping counter: 3 out of 10
  Ep 50: Train 0.0028 | Val 0.0033 | Test 0.5243
EarlyStopping counter: 4 out of 10
/home/sangukchoi/Stroke_SDA/sda_training.py:616: FutureWarning: You are using `torch.load` with `weights_only=False` (the current default value), which uses the default pickle module implicitly. It is possible to construct malicious pickle data which will execute arbitrary code during unpickling (See https://github.com/pytorch/pytorch/blob/main/SECURITY.md#untrusted-models for more details). In a future release, the default value for `weights_only` will be flipped to `True`. This limits the functions that could be executed during unpickling. Arbitrary objects will no longer be allowed to be loaded via this mode unless they are explicitly allowlisted by the user via `torch.serialization.add_safe_globals`. We recommend you start setting `weights_only=True` for any use case where you don't have full control of the loaded file. Please open an issue on GitHub for any issues related to this experimental feature.
  model.load_state_dict(torch.load(os.path.join(out_dir, 'best_model.pth')))
Final Test MSE (Best Model): 0.7311
Skipping Fold 2 due to max_folds limit.
Skipping Fold 3 due to max_folds limit.

--- Mode: TL ---

[Fold 1 - TL] Train: ['S008_T004', 'S008_T006'], Test: S008_T001, Norm: fixed
/home/sangukchoi/.conda/envs/torch_gpu/lib/python3.10/site-packages/torch/nn/modules/rnn.py:123: UserWarning: dropout option adds dropout after all but last recurrent layer, so non-zero dropout expects num_layers greater than 1, but got dropout=0.3 and num_layers=1
  warnings.warn(
  [TL] Loading Pre-trained SO Model from: results_final_rank3/S008/Fold_1_S008_T001_SO_frac1.0/best_model.pth
/home/sangukchoi/Stroke_SDA/sda_training.py:399: FutureWarning: You are using `torch.load` with `weights_only=False` (the current default value), which uses the default pickle module implicitly. It is possible to construct malicious pickle data which will execute arbitrary code during unpickling (See https://github.com/pytorch/pytorch/blob/main/SECURITY.md#untrusted-models for more details). In a future release, the default value for `weights_only` will be flipped to `True`. This limits the functions that could be executed during unpickling. Arbitrary objects will no longer be allowed to be loaded via this mode unless they are explicitly allowlisted by the user via `torch.serialization.add_safe_globals`. We recommend you start setting `weights_only=True` for any use case where you don't have full control of the loaded file. Please open an issue on GitHub for any issues related to this experimental feature.
  checkpoint = torch.load(so_path)
  [TL] Freezing Encoder and initializing Decoder Tgt...
  Ep 1: Train 0.7281 | Val 0.6839 | Test 0.6839
Validation loss decreased (0.683875 --> 0.683875).  Saving model ...
  Ep 2: Train 0.6696 | Val 0.6402 | Test 0.6391
Validation loss decreased (0.640212 --> 0.640212).  Saving model ...
  Ep 3: Train 0.6313 | Val 0.5985 | Test 0.5966
Validation loss decreased (0.598470 --> 0.598470).  Saving model ...
  Ep 4: Train 0.5865 | Val 0.5589 | Test 0.5563
Validation loss decreased (0.558891 --> 0.558891).  Saving model ...
  Ep 5: Train 0.5654 | Val 0.5214 | Test 0.5182
Validation loss decreased (0.521432 --> 0.521432).  Saving model ...
  Ep 6: Train 0.5229 | Val 0.4860 | Test 0.4823
Validation loss decreased (0.486016 --> 0.486016).  Saving model ...
  Ep 7: Train 0.4864 | Val 0.4525 | Test 0.4483
Validation loss decreased (0.452510 --> 0.452510).  Saving model ...
  Ep 8: Train 0.4605 | Val 0.4213 | Test 0.4165
Validation loss decreased (0.421294 --> 0.421294).  Saving model ...
  Ep 9: Train 0.4403 | Val 0.3921 | Test 0.3868
Validation loss decreased (0.392083 --> 0.392083).  Saving model ...
  Ep 10: Train 0.3976 | Val 0.3651 | Test 0.3591
Validation loss decreased (0.365057 --> 0.365057).  Saving model ...
  Ep 11: Train 0.3601 | Val 0.3399 | Test 0.3333
Validation loss decreased (0.339903 --> 0.339903).  Saving model ...
  Ep 12: Train 0.3377 | Val 0.3166 | Test 0.3093
Validation loss decreased (0.316559 --> 0.316559).  Saving model ...
  Ep 13: Train 0.3074 | Val 0.2948 | Test 0.2867
Validation loss decreased (0.294822 --> 0.294822).  Saving model ...
  Ep 14: Train 0.3024 | Val 0.2744 | Test 0.2655
Validation loss decreased (0.274437 --> 0.274437).  Saving model ...
  Ep 15: Train 0.2821 | Val 0.2550 | Test 0.2454
Validation loss decreased (0.255019 --> 0.255019).  Saving model ...
  Ep 16: Train 0.2544 | Val 0.2371 | Test 0.2268
Validation loss decreased (0.237087 --> 0.237087).  Saving model ...
  Ep 17: Train 0.2378 | Val 0.2207 | Test 0.2097
Validation loss decreased (0.220726 --> 0.220726).  Saving model ...
  Ep 18: Train 0.2143 | Val 0.2058 | Test 0.1939
Validation loss decreased (0.205782 --> 0.205782).  Saving model ...
  Ep 19: Train 0.2035 | Val 0.1923 | Test 0.1794
Validation loss decreased (0.192273 --> 0.192273).  Saving model ...
  Ep 20: Train 0.1925 | Val 0.1801 | Test 0.1661
Validation loss decreased (0.180095 --> 0.180095).  Saving model ...
  Ep 21: Train 0.1845 | Val 0.1691 | Test 0.1539
Validation loss decreased (0.169102 --> 0.169102).  Saving model ...
  Ep 22: Train 0.1682 | Val 0.1592 | Test 0.1427
Validation loss decreased (0.159168 --> 0.159168).  Saving model ...
  Ep 23: Train 0.1536 | Val 0.1500 | Test 0.1322
Validation loss decreased (0.150038 --> 0.150038).  Saving model ...
  Ep 24: Train 0.1534 | Val 0.1417 | Test 0.1227
Validation loss decreased (0.141741 --> 0.141741).  Saving model ...
  Ep 25: Train 0.1469 | Val 0.1342 | Test 0.1139
Validation loss decreased (0.134240 --> 0.134240).  Saving model ...
  Ep 26: Train 0.1383 | Val 0.1274 | Test 0.1058
Validation loss decreased (0.127399 --> 0.127399).  Saving model ...
  Ep 27: Train 0.1231 | Val 0.1214 | Test 0.0986
Validation loss decreased (0.121369 --> 0.121369).  Saving model ...
  Ep 28: Train 0.1250 | Val 0.1161 | Test 0.0922
Validation loss decreased (0.116130 --> 0.116130).  Saving model ...
  Ep 29: Train 0.1184 | Val 0.1114 | Test 0.0864
Validation loss decreased (0.111366 --> 0.111366).  Saving model ...
  Ep 30: Train 0.1132 | Val 0.1070 | Test 0.0809
Validation loss decreased (0.106965 --> 0.106965).  Saving model ...
  Ep 31: Train 0.1094 | Val 0.1031 | Test 0.0759
Validation loss decreased (0.103080 --> 0.103080).  Saving model ...
  Ep 32: Train 0.1048 | Val 0.0995 | Test 0.0713
Validation loss decreased (0.099543 --> 0.099543).  Saving model ...
  Ep 33: Train 0.1026 | Val 0.0964 | Test 0.0673
Validation loss decreased (0.096442 --> 0.096442).  Saving model ...
  Ep 34: Train 0.1027 | Val 0.0936 | Test 0.0634
Validation loss decreased (0.093599 --> 0.093599).  Saving model ...
  Ep 35: Train 0.0943 | Val 0.0910 | Test 0.0599
Validation loss decreased (0.090981 --> 0.090981).  Saving model ...
  Ep 36: Train 0.0948 | Val 0.0887 | Test 0.0566
Validation loss decreased (0.088683 --> 0.088683).  Saving model ...
  Ep 37: Train 0.0936 | Val 0.0867 | Test 0.0536
Validation loss decreased (0.086687 --> 0.086687).  Saving model ...
  Ep 38: Train 0.0920 | Val 0.0850 | Test 0.0511
Validation loss decreased (0.084990 --> 0.084990).  Saving model ...
  Ep 39: Train 0.0893 | Val 0.0834 | Test 0.0488
Validation loss decreased (0.083415 --> 0.083415).  Saving model ...
  Ep 40: Train 0.0854 | Val 0.0819 | Test 0.0466
Validation loss decreased (0.081904 --> 0.081904).  Saving model ...
  Ep 41: Train 0.0820 | Val 0.0806 | Test 0.0448
Validation loss decreased (0.080556 --> 0.080556).  Saving model ...
  Ep 42: Train 0.0798 | Val 0.0793 | Test 0.0432
Validation loss decreased (0.079269 --> 0.079269).  Saving model ...
  Ep 43: Train 0.0820 | Val 0.0781 | Test 0.0415
Validation loss decreased (0.078110 --> 0.078110).  Saving model ...
  Ep 44: Train 0.0835 | Val 0.0770 | Test 0.0399
Validation loss decreased (0.076992 --> 0.076992).  Saving model ...
  Ep 45: Train 0.0785 | Val 0.0761 | Test 0.0387
Validation loss decreased (0.076106 --> 0.076106).  Saving model ...
  Ep 46: Train 0.0789 | Val 0.0753 | Test 0.0376
Validation loss decreased (0.075287 --> 0.075287).  Saving model ...
  Ep 47: Train 0.0816 | Val 0.0746 | Test 0.0366
Validation loss decreased (0.074563 --> 0.074563).  Saving model ...
  Ep 48: Train 0.0750 | Val 0.0739 | Test 0.0357
Validation loss decreased (0.073899 --> 0.073899).  Saving model ...
  Ep 49: Train 0.0709 | Val 0.0733 | Test 0.0348
Validation loss decreased (0.073270 --> 0.073270).  Saving model ...
  Ep 50: Train 0.0766 | Val 0.0727 | Test 0.0341
Validation loss decreased (0.072722 --> 0.072722).  Saving model ...
/home/sangukchoi/Stroke_SDA/sda_training.py:616: FutureWarning: You are using `torch.load` with `weights_only=False` (the current default value), which uses the default pickle module implicitly. It is possible to construct malicious pickle data which will execute arbitrary code during unpickling (See https://github.com/pytorch/pytorch/blob/main/SECURITY.md#untrusted-models for more details). In a future release, the default value for `weights_only` will be flipped to `True`. This limits the functions that could be executed during unpickling. Arbitrary objects will no longer be allowed to be loaded via this mode unless they are explicitly allowlisted by the user via `torch.serialization.add_safe_globals`. We recommend you start setting `weights_only=True` for any use case where you don't have full control of the loaded file. Please open an issue on GitHub for any issues related to this experimental feature.
  model.load_state_dict(torch.load(os.path.join(out_dir, 'best_model.pth')))
Final Test MSE (Best Model): 0.0341
Skipping Fold 2 due to max_folds limit.
Skipping Fold 3 due to max_folds limit.


================================================
Processing Target Subject: S013
================================================
Trials: ['S013_T002', 'S013_T003', 'S013_T006']

--- Mode: SDA ---

[Fold 1 - SDA] Train: ['S013_T003', 'S013_T006'], Test: S013_T002, Norm: fixed
/home/sangukchoi/.conda/envs/torch_gpu/lib/python3.10/site-packages/torch/nn/modules/rnn.py:123: UserWarning: dropout option adds dropout after all but last recurrent layer, so non-zero dropout expects num_layers greater than 1, but got dropout=0.3 and num_layers=1
  warnings.warn(
  Ep 1: Train 0.3369 | Val 0.5031 | Test 0.0256
Validation loss decreased (0.503068 --> 0.503068).  Saving model ...
  Ep 2: Train 0.2212 | Val 0.4712 | Test 0.0283
Validation loss decreased (0.471190 --> 0.471190).  Saving model ...
  Ep 3: Train 0.2115 | Val 0.4370 | Test 0.0214
Validation loss decreased (0.437048 --> 0.437048).  Saving model ...
  Ep 4: Train 0.2001 | Val 0.4397 | Test 0.0237
EarlyStopping counter: 1 out of 10
  Ep 5: Train 0.1983 | Val 0.4858 | Test 0.0240
EarlyStopping counter: 2 out of 10
  Ep 6: Train 0.1895 | Val 0.4383 | Test 0.0246
EarlyStopping counter: 3 out of 10
  Ep 7: Train 0.1854 | Val 0.4184 | Test 0.0173
Validation loss decreased (0.418405 --> 0.418405).  Saving model ...
  Ep 8: Train 0.1840 | Val 0.5002 | Test 0.0268
EarlyStopping counter: 1 out of 10
  Ep 9: Train 0.1821 | Val 0.4594 | Test 0.0198
EarlyStopping counter: 2 out of 10
  Ep 10: Train 0.1829 | Val 0.4717 | Test 0.0185
EarlyStopping counter: 3 out of 10
  Ep 11: Train 0.1813 | Val 0.4746 | Test 0.0194
EarlyStopping counter: 4 out of 10
  Ep 12: Train 0.1804 | Val 0.4396 | Test 0.0163
EarlyStopping counter: 5 out of 10
  Ep 13: Train 0.1774 | Val 0.4250 | Test 0.0153
EarlyStopping counter: 6 out of 10
  Ep 14: Train 0.1748 | Val 0.4477 | Test 0.0198
EarlyStopping counter: 7 out of 10
  Ep 15: Train 0.1687 | Val 0.4458 | Test 0.0180
EarlyStopping counter: 8 out of 10
  Ep 16: Train 0.1756 | Val 0.4532 | Test 0.0197
EarlyStopping counter: 9 out of 10
  Ep 17: Train 0.1660 | Val 0.4343 | Test 0.0183
EarlyStopping counter: 10 out of 10
Early stopping triggered!
/home/sangukchoi/Stroke_SDA/sda_training.py:616: FutureWarning: You are using `torch.load` with `weights_only=False` (the current default value), which uses the default pickle module implicitly. It is possible to construct malicious pickle data which will execute arbitrary code during unpickling (See https://github.com/pytorch/pytorch/blob/main/SECURITY.md#untrusted-models for more details). In a future release, the default value for `weights_only` will be flipped to `True`. This limits the functions that could be executed during unpickling. Arbitrary objects will no longer be allowed to be loaded via this mode unless they are explicitly allowlisted by the user via `torch.serialization.add_safe_globals`. We recommend you start setting `weights_only=True` for any use case where you don't have full control of the loaded file. Please open an issue on GitHub for any issues related to this experimental feature.
  model.load_state_dict(torch.load(os.path.join(out_dir, 'best_model.pth')))
Final Test MSE (Best Model): 0.0173
Skipping Fold 2 due to max_folds limit.
Skipping Fold 3 due to max_folds limit.

--- Mode: TO ---

[Fold 1 - TO] Train: ['S013_T003', 'S013_T006'], Test: S013_T002, Norm: independent
/home/sangukchoi/.conda/envs/torch_gpu/lib/python3.10/site-packages/torch/nn/modules/rnn.py:123: UserWarning: dropout option adds dropout after all but last recurrent layer, so non-zero dropout expects num_layers greater than 1, but got dropout=0.3 and num_layers=1
  warnings.warn(
  Ep 1: Train 0.4949 | Val 0.4235 | Test 0.4398
Validation loss decreased (0.423537 --> 0.423537).  Saving model ...
  Ep 2: Train 0.3805 | Val 0.3290 | Test 0.3392
Validation loss decreased (0.328974 --> 0.328974).  Saving model ...
  Ep 3: Train 0.2951 | Val 0.2580 | Test 0.2611
Validation loss decreased (0.258026 --> 0.258026).  Saving model ...
  Ep 4: Train 0.2329 | Val 0.2031 | Test 0.1977
Validation loss decreased (0.203070 --> 0.203070).  Saving model ...
  Ep 5: Train 0.1815 | Val 0.1609 | Test 0.1468
Validation loss decreased (0.160900 --> 0.160900).  Saving model ...
  Ep 6: Train 0.1435 | Val 0.1310 | Test 0.1109
Validation loss decreased (0.130968 --> 0.130968).  Saving model ...
  Ep 7: Train 0.1198 | Val 0.1132 | Test 0.0895
Validation loss decreased (0.113239 --> 0.113239).  Saving model ...
  Ep 8: Train 0.1024 | Val 0.1032 | Test 0.0762
Validation loss decreased (0.103239 --> 0.103239).  Saving model ...
  Ep 9: Train 0.0901 | Val 0.0973 | Test 0.0686
Validation loss decreased (0.097320 --> 0.097320).  Saving model ...
  Ep 10: Train 0.0877 | Val 0.0927 | Test 0.0640
Validation loss decreased (0.092736 --> 0.092736).  Saving model ...
  Ep 11: Train 0.0780 | Val 0.0869 | Test 0.0601
Validation loss decreased (0.086886 --> 0.086886).  Saving model ...
  Ep 12: Train 0.0742 | Val 0.0802 | Test 0.0559
Validation loss decreased (0.080232 --> 0.080232).  Saving model ...
  Ep 13: Train 0.0673 | Val 0.0732 | Test 0.0522
Validation loss decreased (0.073203 --> 0.073203).  Saving model ...
  Ep 14: Train 0.0612 | Val 0.0664 | Test 0.0493
Validation loss decreased (0.066371 --> 0.066371).  Saving model ...
  Ep 15: Train 0.0570 | Val 0.0608 | Test 0.0468
Validation loss decreased (0.060796 --> 0.060796).  Saving model ...
  Ep 16: Train 0.0569 | Val 0.0562 | Test 0.0441
Validation loss decreased (0.056222 --> 0.056222).  Saving model ...
  Ep 17: Train 0.0515 | Val 0.0525 | Test 0.0428
Validation loss decreased (0.052487 --> 0.052487).  Saving model ...
  Ep 18: Train 0.0503 | Val 0.0496 | Test 0.0412
Validation loss decreased (0.049609 --> 0.049609).  Saving model ...
  Ep 19: Train 0.0442 | Val 0.0473 | Test 0.0395
Validation loss decreased (0.047343 --> 0.047343).  Saving model ...
  Ep 20: Train 0.0461 | Val 0.0449 | Test 0.0373
Validation loss decreased (0.044882 --> 0.044882).  Saving model ...
  Ep 21: Train 0.0408 | Val 0.0430 | Test 0.0354
Validation loss decreased (0.042972 --> 0.042972).  Saving model ...
  Ep 22: Train 0.0403 | Val 0.0410 | Test 0.0340
Validation loss decreased (0.040974 --> 0.040974).  Saving model ...
  Ep 23: Train 0.0398 | Val 0.0397 | Test 0.0327
Validation loss decreased (0.039697 --> 0.039697).  Saving model ...
  Ep 24: Train 0.0386 | Val 0.0385 | Test 0.0313
Validation loss decreased (0.038508 --> 0.038508).  Saving model ...
  Ep 25: Train 0.0348 | Val 0.0380 | Test 0.0308
Validation loss decreased (0.037971 --> 0.037971).  Saving model ...
  Ep 26: Train 0.0352 | Val 0.0372 | Test 0.0303
Validation loss decreased (0.037206 --> 0.037206).  Saving model ...
  Ep 27: Train 0.0353 | Val 0.0360 | Test 0.0299
Validation loss decreased (0.036028 --> 0.036028).  Saving model ...
  Ep 28: Train 0.0319 | Val 0.0349 | Test 0.0290
Validation loss decreased (0.034895 --> 0.034895).  Saving model ...
  Ep 29: Train 0.0312 | Val 0.0342 | Test 0.0281
Validation loss decreased (0.034220 --> 0.034220).  Saving model ...
  Ep 30: Train 0.0314 | Val 0.0337 | Test 0.0276
Validation loss decreased (0.033680 --> 0.033680).  Saving model ...
  Ep 31: Train 0.0305 | Val 0.0329 | Test 0.0274
Validation loss decreased (0.032857 --> 0.032857).  Saving model ...
  Ep 32: Train 0.0299 | Val 0.0323 | Test 0.0274
Validation loss decreased (0.032260 --> 0.032260).  Saving model ...
  Ep 33: Train 0.0287 | Val 0.0320 | Test 0.0273
Validation loss decreased (0.032016 --> 0.032016).  Saving model ...
  Ep 34: Train 0.0294 | Val 0.0322 | Test 0.0273
EarlyStopping counter: 1 out of 10
  Ep 35: Train 0.0262 | Val 0.0317 | Test 0.0268
Validation loss decreased (0.031664 --> 0.031664).  Saving model ...
  Ep 36: Train 0.0279 | Val 0.0312 | Test 0.0263
Validation loss decreased (0.031157 --> 0.031157).  Saving model ...
  Ep 37: Train 0.0278 | Val 0.0309 | Test 0.0260
Validation loss decreased (0.030947 --> 0.030947).  Saving model ...
  Ep 38: Train 0.0247 | Val 0.0310 | Test 0.0260
EarlyStopping counter: 1 out of 10
  Ep 39: Train 0.0249 | Val 0.0309 | Test 0.0262
EarlyStopping counter: 2 out of 10
  Ep 40: Train 0.0243 | Val 0.0305 | Test 0.0263
Validation loss decreased (0.030522 --> 0.030522).  Saving model ...
  Ep 41: Train 0.0251 | Val 0.0304 | Test 0.0260
EarlyStopping counter: 1 out of 10
  Ep 42: Train 0.0239 | Val 0.0299 | Test 0.0254
Validation loss decreased (0.029890 --> 0.029890).  Saving model ...
  Ep 43: Train 0.0237 | Val 0.0298 | Test 0.0253
Validation loss decreased (0.029755 --> 0.029755).  Saving model ...
  Ep 44: Train 0.0247 | Val 0.0293 | Test 0.0251
Validation loss decreased (0.029327 --> 0.029327).  Saving model ...
  Ep 45: Train 0.0255 | Val 0.0291 | Test 0.0253
Validation loss decreased (0.029058 --> 0.029058).  Saving model ...
  Ep 46: Train 0.0239 | Val 0.0294 | Test 0.0250
EarlyStopping counter: 1 out of 10
  Ep 47: Train 0.0234 | Val 0.0292 | Test 0.0246
EarlyStopping counter: 2 out of 10
  Ep 48: Train 0.0225 | Val 0.0283 | Test 0.0246
Validation loss decreased (0.028338 --> 0.028338).  Saving model ...
  Ep 49: Train 0.0230 | Val 0.0283 | Test 0.0244
EarlyStopping counter: 1 out of 10
  Ep 50: Train 0.0212 | Val 0.0286 | Test 0.0245
EarlyStopping counter: 2 out of 10
/home/sangukchoi/Stroke_SDA/sda_training.py:616: FutureWarning: You are using `torch.load` with `weights_only=False` (the current default value), which uses the default pickle module implicitly. It is possible to construct malicious pickle data which will execute arbitrary code during unpickling (See https://github.com/pytorch/pytorch/blob/main/SECURITY.md#untrusted-models for more details). In a future release, the default value for `weights_only` will be flipped to `True`. This limits the functions that could be executed during unpickling. Arbitrary objects will no longer be allowed to be loaded via this mode unless they are explicitly allowlisted by the user via `torch.serialization.add_safe_globals`. We recommend you start setting `weights_only=True` for any use case where you don't have full control of the loaded file. Please open an issue on GitHub for any issues related to this experimental feature.
  model.load_state_dict(torch.load(os.path.join(out_dir, 'best_model.pth')))
Final Test MSE (Best Model): 0.0246
Skipping Fold 2 due to max_folds limit.
Skipping Fold 3 due to max_folds limit.

--- Mode: SO ---

[Fold 1 - SO] Train: ['S013_T003', 'S013_T006'], Test: S013_T002, Norm: fixed
/home/sangukchoi/.conda/envs/torch_gpu/lib/python3.10/site-packages/torch/nn/modules/rnn.py:123: UserWarning: dropout option adds dropout after all but last recurrent layer, so non-zero dropout expects num_layers greater than 1, but got dropout=0.3 and num_layers=1
  warnings.warn(
  Ep 1: Train 0.0480 | Val 0.0187 | Test 0.0837
Validation loss decreased (0.018727 --> 0.018727).  Saving model ...
  Ep 2: Train 0.0170 | Val 0.0143 | Test 0.0960
Validation loss decreased (0.014327 --> 0.014327).  Saving model ...
  Ep 3: Train 0.0136 | Val 0.0124 | Test 0.1229
Validation loss decreased (0.012361 --> 0.012361).  Saving model ...
  Ep 4: Train 0.0120 | Val 0.0105 | Test 0.1063
Validation loss decreased (0.010505 --> 0.010505).  Saving model ...
  Ep 5: Train 0.0110 | Val 0.0099 | Test 0.1300
Validation loss decreased (0.009932 --> 0.009932).  Saving model ...
  Ep 6: Train 0.0100 | Val 0.0096 | Test 0.1231
Validation loss decreased (0.009628 --> 0.009628).  Saving model ...
  Ep 7: Train 0.0093 | Val 0.0082 | Test 0.0967
Validation loss decreased (0.008169 --> 0.008169).  Saving model ...
  Ep 8: Train 0.0088 | Val 0.0082 | Test 0.0710
EarlyStopping counter: 1 out of 10
  Ep 9: Train 0.0082 | Val 0.0078 | Test 0.0877
Validation loss decreased (0.007758 --> 0.007758).  Saving model ...
  Ep 10: Train 0.0077 | Val 0.0075 | Test 0.1010
Validation loss decreased (0.007491 --> 0.007491).  Saving model ...
  Ep 11: Train 0.0073 | Val 0.0070 | Test 0.0916
Validation loss decreased (0.007045 --> 0.007045).  Saving model ...
  Ep 12: Train 0.0070 | Val 0.0062 | Test 0.0942
Validation loss decreased (0.006244 --> 0.006244).  Saving model ...
  Ep 13: Train 0.0068 | Val 0.0061 | Test 0.0889
Validation loss decreased (0.006137 --> 0.006137).  Saving model ...
  Ep 14: Train 0.0065 | Val 0.0063 | Test 0.0797
EarlyStopping counter: 1 out of 10
  Ep 15: Train 0.0063 | Val 0.0060 | Test 0.1000
Validation loss decreased (0.006002 --> 0.006002).  Saving model ...
  Ep 16: Train 0.0061 | Val 0.0059 | Test 0.0821
EarlyStopping counter: 1 out of 10
  Ep 17: Train 0.0060 | Val 0.0055 | Test 0.0881
Validation loss decreased (0.005514 --> 0.005514).  Saving model ...
  Ep 18: Train 0.0058 | Val 0.0057 | Test 0.0991
EarlyStopping counter: 1 out of 10
  Ep 19: Train 0.0056 | Val 0.0054 | Test 0.0899
EarlyStopping counter: 2 out of 10
  Ep 20: Train 0.0054 | Val 0.0052 | Test 0.0951
Validation loss decreased (0.005243 --> 0.005243).  Saving model ...
  Ep 21: Train 0.0053 | Val 0.0051 | Test 0.0820
Validation loss decreased (0.005134 --> 0.005134).  Saving model ...
  Ep 22: Train 0.0052 | Val 0.0050 | Test 0.0876
Validation loss decreased (0.004999 --> 0.004999).  Saving model ...
  Ep 23: Train 0.0051 | Val 0.0052 | Test 0.0844
EarlyStopping counter: 1 out of 10
  Ep 24: Train 0.0049 | Val 0.0048 | Test 0.0850
Validation loss decreased (0.004787 --> 0.004787).  Saving model ...
  Ep 25: Train 0.0048 | Val 0.0048 | Test 0.0892
EarlyStopping counter: 1 out of 10
  Ep 26: Train 0.0047 | Val 0.0047 | Test 0.1019
EarlyStopping counter: 2 out of 10
  Ep 27: Train 0.0046 | Val 0.0045 | Test 0.0935
Validation loss decreased (0.004539 --> 0.004539).  Saving model ...
  Ep 28: Train 0.0045 | Val 0.0045 | Test 0.0944
EarlyStopping counter: 1 out of 10
  Ep 29: Train 0.0044 | Val 0.0045 | Test 0.0967
EarlyStopping counter: 2 out of 10
  Ep 30: Train 0.0043 | Val 0.0044 | Test 0.0919
Validation loss decreased (0.004350 --> 0.004350).  Saving model ...
  Ep 31: Train 0.0042 | Val 0.0042 | Test 0.0984
Validation loss decreased (0.004201 --> 0.004201).  Saving model ...
  Ep 32: Train 0.0041 | Val 0.0042 | Test 0.1128
EarlyStopping counter: 1 out of 10
  Ep 33: Train 0.0040 | Val 0.0041 | Test 0.1041
EarlyStopping counter: 2 out of 10
  Ep 34: Train 0.0039 | Val 0.0041 | Test 0.1102
EarlyStopping counter: 3 out of 10
  Ep 35: Train 0.0042 | Val 0.0040 | Test 0.1318
Validation loss decreased (0.003960 --> 0.003960).  Saving model ...
  Ep 36: Train 0.0038 | Val 0.0039 | Test 0.1108
EarlyStopping counter: 1 out of 10
  Ep 37: Train 0.0037 | Val 0.0042 | Test 0.1057
EarlyStopping counter: 2 out of 10
  Ep 38: Train 0.0036 | Val 0.0038 | Test 0.1156
Validation loss decreased (0.003770 --> 0.003770).  Saving model ...
  Ep 39: Train 0.0036 | Val 0.0038 | Test 0.0937
EarlyStopping counter: 1 out of 10
  Ep 40: Train 0.0036 | Val 0.0038 | Test 0.1264
EarlyStopping counter: 2 out of 10
  Ep 41: Train 0.0035 | Val 0.0037 | Test 0.1068
EarlyStopping counter: 3 out of 10
  Ep 42: Train 0.0034 | Val 0.0036 | Test 0.1036
Validation loss decreased (0.003649 --> 0.003649).  Saving model ...
  Ep 43: Train 0.0033 | Val 0.0034 | Test 0.1124
Validation loss decreased (0.003442 --> 0.003442).  Saving model ...
  Ep 44: Train 0.0032 | Val 0.0035 | Test 0.1213
EarlyStopping counter: 1 out of 10
  Ep 45: Train 0.0032 | Val 0.0036 | Test 0.0945
EarlyStopping counter: 2 out of 10
  Ep 46: Train 0.0031 | Val 0.0034 | Test 0.1065
EarlyStopping counter: 3 out of 10
  Ep 47: Train 0.0031 | Val 0.0034 | Test 0.1231
EarlyStopping counter: 4 out of 10
  Ep 48: Train 0.0030 | Val 0.0034 | Test 0.1212
EarlyStopping counter: 5 out of 10
  Ep 49: Train 0.0029 | Val 0.0033 | Test 0.1151
Validation loss decreased (0.003309 --> 0.003309).  Saving model ...
  Ep 50: Train 0.0029 | Val 0.0033 | Test 0.1085
EarlyStopping counter: 1 out of 10
/home/sangukchoi/Stroke_SDA/sda_training.py:616: FutureWarning: You are using `torch.load` with `weights_only=False` (the current default value), which uses the default pickle module implicitly. It is possible to construct malicious pickle data which will execute arbitrary code during unpickling (See https://github.com/pytorch/pytorch/blob/main/SECURITY.md#untrusted-models for more details). In a future release, the default value for `weights_only` will be flipped to `True`. This limits the functions that could be executed during unpickling. Arbitrary objects will no longer be allowed to be loaded via this mode unless they are explicitly allowlisted by the user via `torch.serialization.add_safe_globals`. We recommend you start setting `weights_only=True` for any use case where you don't have full control of the loaded file. Please open an issue on GitHub for any issues related to this experimental feature.
  model.load_state_dict(torch.load(os.path.join(out_dir, 'best_model.pth')))
Final Test MSE (Best Model): 0.1151
Skipping Fold 2 due to max_folds limit.
Skipping Fold 3 due to max_folds limit.

--- Mode: TL ---

[Fold 1 - TL] Train: ['S013_T003', 'S013_T006'], Test: S013_T002, Norm: fixed
/home/sangukchoi/.conda/envs/torch_gpu/lib/python3.10/site-packages/torch/nn/modules/rnn.py:123: UserWarning: dropout option adds dropout after all but last recurrent layer, so non-zero dropout expects num_layers greater than 1, but got dropout=0.3 and num_layers=1
  warnings.warn(
  [TL] Loading Pre-trained SO Model from: results_final_rank3/S013/Fold_1_S013_T002_SO_frac1.0/best_model.pth
/home/sangukchoi/Stroke_SDA/sda_training.py:399: FutureWarning: You are using `torch.load` with `weights_only=False` (the current default value), which uses the default pickle module implicitly. It is possible to construct malicious pickle data which will execute arbitrary code during unpickling (See https://github.com/pytorch/pytorch/blob/main/SECURITY.md#untrusted-models for more details). In a future release, the default value for `weights_only` will be flipped to `True`. This limits the functions that could be executed during unpickling. Arbitrary objects will no longer be allowed to be loaded via this mode unless they are explicitly allowlisted by the user via `torch.serialization.add_safe_globals`. We recommend you start setting `weights_only=True` for any use case where you don't have full control of the loaded file. Please open an issue on GitHub for any issues related to this experimental feature.
  checkpoint = torch.load(so_path)
  [TL] Freezing Encoder and initializing Decoder Tgt...
  Ep 1: Train 0.2155 | Val 0.1715 | Test 0.1101
Validation loss decreased (0.171451 --> 0.171451).  Saving model ...
  Ep 2: Train 0.2017 | Val 0.1594 | Test 0.1059
Validation loss decreased (0.159429 --> 0.159429).  Saving model ...
  Ep 3: Train 0.1933 | Val 0.1485 | Test 0.1021
Validation loss decreased (0.148477 --> 0.148477).  Saving model ...
  Ep 4: Train 0.1734 | Val 0.1386 | Test 0.0990
Validation loss decreased (0.138561 --> 0.138561).  Saving model ...
  Ep 5: Train 0.1639 | Val 0.1296 | Test 0.0961
Validation loss decreased (0.129584 --> 0.129584).  Saving model ...
  Ep 6: Train 0.1532 | Val 0.1217 | Test 0.0938
Validation loss decreased (0.121651 --> 0.121651).  Saving model ...
  Ep 7: Train 0.1515 | Val 0.1145 | Test 0.0918
Validation loss decreased (0.114504 --> 0.114504).  Saving model ...
  Ep 8: Train 0.1414 | Val 0.1084 | Test 0.0903
Validation loss decreased (0.108353 --> 0.108353).  Saving model ...
  Ep 9: Train 0.1349 | Val 0.1028 | Test 0.0890
Validation loss decreased (0.102810 --> 0.102810).  Saving model ...
  Ep 10: Train 0.1257 | Val 0.0979 | Test 0.0880
Validation loss decreased (0.097921 --> 0.097921).  Saving model ...
  Ep 11: Train 0.1229 | Val 0.0936 | Test 0.0871
Validation loss decreased (0.093571 --> 0.093571).  Saving model ...
  Ep 12: Train 0.1130 | Val 0.0896 | Test 0.0863
Validation loss decreased (0.089566 --> 0.089566).  Saving model ...
  Ep 13: Train 0.1106 | Val 0.0861 | Test 0.0857
Validation loss decreased (0.086061 --> 0.086061).  Saving model ...
  Ep 14: Train 0.1108 | Val 0.0829 | Test 0.0850
Validation loss decreased (0.082910 --> 0.082910).  Saving model ...
  Ep 15: Train 0.1002 | Val 0.0801 | Test 0.0845
Validation loss decreased (0.080132 --> 0.080132).  Saving model ...
  Ep 16: Train 0.0978 | Val 0.0777 | Test 0.0840
Validation loss decreased (0.077731 --> 0.077731).  Saving model ...
  Ep 17: Train 0.0969 | Val 0.0757 | Test 0.0835
Validation loss decreased (0.075681 --> 0.075681).  Saving model ...
  Ep 18: Train 0.0933 | Val 0.0739 | Test 0.0832
Validation loss decreased (0.073874 --> 0.073874).  Saving model ...
  Ep 19: Train 0.0905 | Val 0.0722 | Test 0.0828
Validation loss decreased (0.072184 --> 0.072184).  Saving model ...
  Ep 20: Train 0.0824 | Val 0.0707 | Test 0.0824
Validation loss decreased (0.070687 --> 0.070687).  Saving model ...
  Ep 21: Train 0.0863 | Val 0.0693 | Test 0.0818
Validation loss decreased (0.069321 --> 0.069321).  Saving model ...
  Ep 22: Train 0.0804 | Val 0.0680 | Test 0.0811
Validation loss decreased (0.067976 --> 0.067976).  Saving model ...
  Ep 23: Train 0.0791 | Val 0.0667 | Test 0.0804
Validation loss decreased (0.066667 --> 0.066667).  Saving model ...
  Ep 24: Train 0.0787 | Val 0.0654 | Test 0.0796
Validation loss decreased (0.065359 --> 0.065359).  Saving model ...
  Ep 25: Train 0.0739 | Val 0.0641 | Test 0.0788
Validation loss decreased (0.064071 --> 0.064071).  Saving model ...
  Ep 26: Train 0.0700 | Val 0.0629 | Test 0.0780
Validation loss decreased (0.062869 --> 0.062869).  Saving model ...
  Ep 27: Train 0.0731 | Val 0.0618 | Test 0.0773
Validation loss decreased (0.061797 --> 0.061797).  Saving model ...
  Ep 28: Train 0.0690 | Val 0.0609 | Test 0.0766
Validation loss decreased (0.060851 --> 0.060851).  Saving model ...
  Ep 29: Train 0.0729 | Val 0.0600 | Test 0.0759
Validation loss decreased (0.059968 --> 0.059968).  Saving model ...
  Ep 30: Train 0.0668 | Val 0.0591 | Test 0.0752
Validation loss decreased (0.059123 --> 0.059123).  Saving model ...
  Ep 31: Train 0.0668 | Val 0.0584 | Test 0.0746
Validation loss decreased (0.058355 --> 0.058355).  Saving model ...
  Ep 32: Train 0.0653 | Val 0.0576 | Test 0.0738
Validation loss decreased (0.057636 --> 0.057636).  Saving model ...
  Ep 33: Train 0.0693 | Val 0.0569 | Test 0.0730
Validation loss decreased (0.056916 --> 0.056916).  Saving model ...
  Ep 34: Train 0.0609 | Val 0.0563 | Test 0.0722
Validation loss decreased (0.056270 --> 0.056270).  Saving model ...
  Ep 35: Train 0.0634 | Val 0.0555 | Test 0.0714
Validation loss decreased (0.055501 --> 0.055501).  Saving model ...
  Ep 36: Train 0.0629 | Val 0.0548 | Test 0.0706
Validation loss decreased (0.054802 --> 0.054802).  Saving model ...
  Ep 37: Train 0.0608 | Val 0.0542 | Test 0.0700
Validation loss decreased (0.054205 --> 0.054205).  Saving model ...
  Ep 38: Train 0.0620 | Val 0.0537 | Test 0.0693
Validation loss decreased (0.053679 --> 0.053679).  Saving model ...
  Ep 39: Train 0.0565 | Val 0.0531 | Test 0.0685
Validation loss decreased (0.053113 --> 0.053113).  Saving model ...
  Ep 40: Train 0.0586 | Val 0.0526 | Test 0.0681
Validation loss decreased (0.052583 --> 0.052583).  Saving model ...
  Ep 41: Train 0.0571 | Val 0.0521 | Test 0.0676
Validation loss decreased (0.052051 --> 0.052051).  Saving model ...
  Ep 42: Train 0.0608 | Val 0.0516 | Test 0.0669
Validation loss decreased (0.051568 --> 0.051568).  Saving model ...
  Ep 43: Train 0.0540 | Val 0.0511 | Test 0.0663
Validation loss decreased (0.051093 --> 0.051093).  Saving model ...
  Ep 44: Train 0.0566 | Val 0.0506 | Test 0.0658
Validation loss decreased (0.050650 --> 0.050650).  Saving model ...
  Ep 45: Train 0.0526 | Val 0.0502 | Test 0.0653
Validation loss decreased (0.050208 --> 0.050208).  Saving model ...
  Ep 46: Train 0.0520 | Val 0.0498 | Test 0.0648
Validation loss decreased (0.049796 --> 0.049796).  Saving model ...
  Ep 47: Train 0.0550 | Val 0.0494 | Test 0.0644
Validation loss decreased (0.049398 --> 0.049398).  Saving model ...
  Ep 48: Train 0.0525 | Val 0.0490 | Test 0.0638
Validation loss decreased (0.049025 --> 0.049025).  Saving model ...
  Ep 49: Train 0.0500 | Val 0.0486 | Test 0.0635
Validation loss decreased (0.048620 --> 0.048620).  Saving model ...
  Ep 50: Train 0.0513 | Val 0.0482 | Test 0.0630
Validation loss decreased (0.048233 --> 0.048233).  Saving model ...
/home/sangukchoi/Stroke_SDA/sda_training.py:616: FutureWarning: You are using `torch.load` with `weights_only=False` (the current default value), which uses the default pickle module implicitly. It is possible to construct malicious pickle data which will execute arbitrary code during unpickling (See https://github.com/pytorch/pytorch/blob/main/SECURITY.md#untrusted-models for more details). In a future release, the default value for `weights_only` will be flipped to `True`. This limits the functions that could be executed during unpickling. Arbitrary objects will no longer be allowed to be loaded via this mode unless they are explicitly allowlisted by the user via `torch.serialization.add_safe_globals`. We recommend you start setting `weights_only=True` for any use case where you don't have full control of the loaded file. Please open an issue on GitHub for any issues related to this experimental feature.
  model.load_state_dict(torch.load(os.path.join(out_dir, 'best_model.pth')))
Final Test MSE (Best Model): 0.0630
Skipping Fold 2 due to max_folds limit.
Skipping Fold 3 due to max_folds limit.
